year,age,term,difficulty,topic,small_step_num,small_step_num_in_topic,small_step_num_global,small_step,small_step_name,small_step_desc,ss_wr_desc,ss_desc_validated,ss_desc_validated_source,small_step_id,small_step_key,rank,recommendation_num,recommendation_id,video_id,title,video_title,channel,duration,duration_formatted,semantic_score,alignment_score,instruction_score,combined_score,alignment_justification,instruction_justification,run_signature
Year 5,9-10,Spring,,Perimeter and area,1,1,1,Perimeter of rectangles,Perimeter of rectangles,"build on learning from earlier years to find the perimeters of rectangles by measuring the sides and by calculation. Children know that the perimeter is the distance around the outside of a two-dimensional shape. They recap measuring skills and recognise that they need to use a ruler accurately in order to get the correct answer. A common mistake is to measure from the end of the ruler rather than from the zero mark. Children then explore different methods of finding the perimeter, for example adding all four sides separately, adding the length to the width and then doubling, or doubling the length and the width and then adding the results, before deciding which they find most efficient. Children use their understanding of perimeter to calculate missing lengths.","build on learning from earlier years to find the perimeters of rectangles by measuring the sides and by calculation. Children know that the perimeter is the distance around the outside of a two-dimensional shape. They recap measuring skills and recognise that they need to use a ruler accurately in order to get the correct answer. A common mistake is to measure from the end of the ruler rather than from the zero mark. Children then explore different methods of finding the perimeter, for example adding all four sides separately, adding the length to the width and then doubling, or doubling the length and the width and then adding the results, before deciding which they find most efficient. Children use their understanding of perimeter to calculate missing lengths.","build on learning from earlier years to find the perimeters of rectangles by measuring the sides and by calculation. Children know that the perimeter is the distance around the outside of a two-dimensional shape. They recap measuring skills and recognise that they need to use a ruler accurately in order to get the correct answer. A common mistake is to measure from the end of the ruler rather than from the zero mark. Children then explore different methods of finding the perimeter, for example adding all four sides separately, adding the length to the width and then doubling, or doubling the length and the width and then adding the results, before deciding which they find most efficient. Children use their understanding of perimeter to calculate missing lengths.",baseline,Year 5_9-10_Spring__Perimeter and area_1_Perimeter of rectangles,year-5__9-10__spring__blank__perimeter-and-area__1__perimeter-of-rectangles,1,1,Year 5_9-10_Spring__Perimeter and area_1_Perimeter of rectangles_recommendation_1,DwQZNQEtesY,How Do You Calculate the Perimeter of a Rectangle? | KS2 Maths Concept for Kids,How Do You Calculate the Perimeter of a Rectangle? | KS2 Maths Concept for Kids,Twinkl_Educational_Publishing,00:05:52,00:05:52,0.8714,95.0,75.0,0.8568,"The video effectively aligns with the target objective by clearly explaining how to calculate the perimeter of rectangles through measurement and various methods. It emphasizes the importance of accurate measuring skills and provides multiple calculation strategies, which are suitable for the age group of 9-10. The content remains focused on the perimeter of rectangles without drifting into broader topics.","The transcript effectively explains the concept of perimeter and provides multiple methods for calculating it, which is beneficial for learners. However, while it introduces new terms like 'perimeter' and 'rectangle,' it could benefit from clearer definitions and more engaging prompts to maintain student interest. Additionally, the complexity of language is mostly appropriate, but some phrases may be slightly advanced for the target age group.",cb33e2e768571eb1e315a4a2ee5f059ccb971c5c
Year 5,9-10,Spring,,Perimeter and area,1,1,1,Perimeter of rectangles,Perimeter of rectangles,"build on learning from earlier years to find the perimeters of rectangles by measuring the sides and by calculation. Children know that the perimeter is the distance around the outside of a two-dimensional shape. They recap measuring skills and recognise that they need to use a ruler accurately in order to get the correct answer. A common mistake is to measure from the end of the ruler rather than from the zero mark. Children then explore different methods of finding the perimeter, for example adding all four sides separately, adding the length to the width and then doubling, or doubling the length and the width and then adding the results, before deciding which they find most efficient. Children use their understanding of perimeter to calculate missing lengths.","build on learning from earlier years to find the perimeters of rectangles by measuring the sides and by calculation. Children know that the perimeter is the distance around the outside of a two-dimensional shape. They recap measuring skills and recognise that they need to use a ruler accurately in order to get the correct answer. A common mistake is to measure from the end of the ruler rather than from the zero mark. Children then explore different methods of finding the perimeter, for example adding all four sides separately, adding the length to the width and then doubling, or doubling the length and the width and then adding the results, before deciding which they find most efficient. Children use their understanding of perimeter to calculate missing lengths.","build on learning from earlier years to find the perimeters of rectangles by measuring the sides and by calculation. Children know that the perimeter is the distance around the outside of a two-dimensional shape. They recap measuring skills and recognise that they need to use a ruler accurately in order to get the correct answer. A common mistake is to measure from the end of the ruler rather than from the zero mark. Children then explore different methods of finding the perimeter, for example adding all four sides separately, adding the length to the width and then doubling, or doubling the length and the width and then adding the results, before deciding which they find most efficient. Children use their understanding of perimeter to calculate missing lengths.",baseline,Year 5_9-10_Spring__Perimeter and area_1_Perimeter of rectangles,year-5__9-10__spring__blank__perimeter-and-area__1__perimeter-of-rectangles,2,2,Year 5_9-10_Spring__Perimeter and area_1_Perimeter of rectangles_recommendation_2,NJnkVVx-XAk,Perimeter and Area of Rectangles,Perimeter and Area of Rectangles,Miacademy_&_MiaPrep_Learning_Channel,00:09:33,00:09:33,0.862,85.0,85.0,0.8566,"The transcript aligns well with the target objective of finding the perimeter of rectangles, as it includes clear explanations of measuring perimeter, calculating it through various methods, and emphasizes the importance of accurate measurement. However, it also introduces broader concepts such as area and composite shapes, which, while related, may distract from the primary focus on rectangles for learners new to the topic.","The transcript effectively explains the concepts of perimeter and area using clear definitions and relatable examples, such as matching paintings with frames. It maintains a focus on the perimeter of rectangles while introducing related concepts like area and missing side lengths. The language is appropriate for the age group, and the use of prompts for student engagement encourages active participation, though it could benefit from more pictorial examples to enhance understanding.",cb33e2e768571eb1e315a4a2ee5f059ccb971c5c
Year 5,9-10,Spring,,Perimeter and area,1,1,1,Perimeter of rectangles,Perimeter of rectangles,"build on learning from earlier years to find the perimeters of rectangles by measuring the sides and by calculation. Children know that the perimeter is the distance around the outside of a two-dimensional shape. They recap measuring skills and recognise that they need to use a ruler accurately in order to get the correct answer. A common mistake is to measure from the end of the ruler rather than from the zero mark. Children then explore different methods of finding the perimeter, for example adding all four sides separately, adding the length to the width and then doubling, or doubling the length and the width and then adding the results, before deciding which they find most efficient. Children use their understanding of perimeter to calculate missing lengths.","build on learning from earlier years to find the perimeters of rectangles by measuring the sides and by calculation. Children know that the perimeter is the distance around the outside of a two-dimensional shape. They recap measuring skills and recognise that they need to use a ruler accurately in order to get the correct answer. A common mistake is to measure from the end of the ruler rather than from the zero mark. Children then explore different methods of finding the perimeter, for example adding all four sides separately, adding the length to the width and then doubling, or doubling the length and the width and then adding the results, before deciding which they find most efficient. Children use their understanding of perimeter to calculate missing lengths.","build on learning from earlier years to find the perimeters of rectangles by measuring the sides and by calculation. Children know that the perimeter is the distance around the outside of a two-dimensional shape. They recap measuring skills and recognise that they need to use a ruler accurately in order to get the correct answer. A common mistake is to measure from the end of the ruler rather than from the zero mark. Children then explore different methods of finding the perimeter, for example adding all four sides separately, adding the length to the width and then doubling, or doubling the length and the width and then adding the results, before deciding which they find most efficient. Children use their understanding of perimeter to calculate missing lengths.",baseline,Year 5_9-10_Spring__Perimeter and area_1_Perimeter of rectangles,year-5__9-10__spring__blank__perimeter-and-area__1__perimeter-of-rectangles,3,3,Year 5_9-10_Spring__Perimeter and area_1_Perimeter of rectangles_recommendation_3,AAY1bsazcgM,Math Antics - Perimeter,Math Antics - Perimeter,mathantics,00:07:29,00:07:29,0.7659,85.0,85.0,0.8037,"The video effectively introduces the concept of perimeter, specifically for polygons, which aligns well with the target objective of finding the perimeter of rectangles. It covers measuring skills and emphasizes the importance of units, but it could improve by focusing more explicitly on rectangles and the specific methods for calculating their perimeter, as outlined in the curriculum objective.","The transcript effectively explains the concept of perimeter using clear definitions and relatable analogies, such as walking around a shape and unfolding it. It maintains a focus on perimeter throughout, provides step-by-step worked examples, and emphasizes the importance of units. However, the complexity of language could be slightly simplified for younger learners, and some terms may require clearer definitions to avoid confusion.",cb33e2e768571eb1e315a4a2ee5f059ccb971c5c
Year 5,9-10,Spring,,Perimeter and area,2,2,2,Perimeter of rectilinear shapes,Perimeter of rectilinear shapes,"build on their Year 4 learning to calculate the perimeters of rectilinear shapes. A rectilinear shape is a shape that has only straight sides and right angles. This can look like two or more rectangles that have been joined together and is sometimes referred to as a compound shape. Children should be familiar with both terms. When calculating the perimeter of a rectilinear shape, encourage children to mark sides that they have already included in their total, to avoid counting sides more than once. Children may notice the connection between the perimeter of some rectilinear shapes and the rectangle that can be drawn around the shape.","build on their Year 4 learning to calculate the perimeters of rectilinear shapes. A rectilinear shape is a shape that has only straight sides and right angles. This can look like two or more rectangles that have been joined together and is sometimes referred to as a compound shape. Children should be familiar with both terms. When calculating the perimeter of a rectilinear shape, encourage children to mark sides that they have already included in their total, to avoid counting sides more than once. Children may notice the connection between the perimeter of some rectilinear shapes and the rectangle that can be drawn around the shape.","build on their Year 4 learning to calculate the perimeters of rectilinear shapes. A rectilinear shape is a shape that has only straight sides and right angles. This can look like two or more rectangles that have been joined together and is sometimes referred to as a compound shape. Children should be familiar with both terms. When calculating the perimeter of a rectilinear shape, encourage children to mark sides that they have already included in their total, to avoid counting sides more than once. Children may notice the connection between the perimeter of some rectilinear shapes and the rectangle that can be drawn around the shape.",baseline,Year 5_9-10_Spring__Perimeter and area_2_Perimeter of rectilinear shapes,year-5__9-10__spring__blank__perimeter-and-area__2__perimeter-of-rectilinear-shapes,1,1,Year 5_9-10_Spring__Perimeter and area_2_Perimeter of rectilinear shapes_recommendation_1,NJnkVVx-XAk,Perimeter and Area of Rectangles,Perimeter and Area of Rectangles,Miacademy_&_MiaPrep_Learning_Channel,00:09:33,00:09:33,0.7808,85.0,85.0,0.8119,"The video primarily focuses on calculating the perimeter of various shapes, including rectilinear shapes, which aligns well with the target objective. However, it also covers broader concepts such as area and composite shapes, which may slightly detract from the specific focus on rectilinear shapes. Overall, the content is age-appropriate and engaging for learners aged 9-10.","The transcript effectively explains the concept of perimeter and area using clear definitions and relatable examples, such as rectangles and composite shapes. It maintains focus on the core concepts throughout and includes engagement prompts for learners to practice, though it could benefit from more pictographic illustrations to enhance understanding for younger students.",cb33e2e768571eb1e315a4a2ee5f059ccb971c5c
Year 5,9-10,Spring,,Perimeter and area,2,2,2,Perimeter of rectilinear shapes,Perimeter of rectilinear shapes,"build on their Year 4 learning to calculate the perimeters of rectilinear shapes. A rectilinear shape is a shape that has only straight sides and right angles. This can look like two or more rectangles that have been joined together and is sometimes referred to as a compound shape. Children should be familiar with both terms. When calculating the perimeter of a rectilinear shape, encourage children to mark sides that they have already included in their total, to avoid counting sides more than once. Children may notice the connection between the perimeter of some rectilinear shapes and the rectangle that can be drawn around the shape.","build on their Year 4 learning to calculate the perimeters of rectilinear shapes. A rectilinear shape is a shape that has only straight sides and right angles. This can look like two or more rectangles that have been joined together and is sometimes referred to as a compound shape. Children should be familiar with both terms. When calculating the perimeter of a rectilinear shape, encourage children to mark sides that they have already included in their total, to avoid counting sides more than once. Children may notice the connection between the perimeter of some rectilinear shapes and the rectangle that can be drawn around the shape.","build on their Year 4 learning to calculate the perimeters of rectilinear shapes. A rectilinear shape is a shape that has only straight sides and right angles. This can look like two or more rectangles that have been joined together and is sometimes referred to as a compound shape. Children should be familiar with both terms. When calculating the perimeter of a rectilinear shape, encourage children to mark sides that they have already included in their total, to avoid counting sides more than once. Children may notice the connection between the perimeter of some rectilinear shapes and the rectangle that can be drawn around the shape.",baseline,Year 5_9-10_Spring__Perimeter and area_2_Perimeter of rectilinear shapes,year-5__9-10__spring__blank__perimeter-and-area__2__perimeter-of-rectilinear-shapes,2,2,Year 5_9-10_Spring__Perimeter and area_2_Perimeter of rectilinear shapes_recommendation_2,PUnimFre8Nc,How Do You Calculate the Perimeter of Rectilinear Shapes? | KS2 Maths Concept for Kids,How Do You Calculate the Perimeter of Rectilinear Shapes? | KS2 Maths Concept for Kids,Twinkl_Educational_Publishing,00:04:26,00:04:26,0.8236,90.0,70.0,0.808,"The video focuses primarily on calculating the perimeter of rectilinear shapes, which aligns well with the target curriculum objective. It introduces key concepts such as identifying sides, marking them to avoid double counting, and using rectangles to find unknown lengths, all appropriate for the age group. However, it slightly drifts into broader concepts of rectangles and number bonds, which could be streamlined to maintain focus on the perimeter of rectilinear shapes.","The transcript provides a clear explanation of the perimeter of rectilinear shapes, using step-by-step reasoning and examples that are appropriate for the age group. However, the use of the term 'rectal linear' instead of 'rectilinear' could confuse learners, and the language could be simplified further to enhance understanding. Additionally, while there are prompts for student engagement, they could be more interactive to maintain attention.",cb33e2e768571eb1e315a4a2ee5f059ccb971c5c
Year 5,9-10,Spring,,Perimeter and area,2,2,2,Perimeter of rectilinear shapes,Perimeter of rectilinear shapes,"build on their Year 4 learning to calculate the perimeters of rectilinear shapes. A rectilinear shape is a shape that has only straight sides and right angles. This can look like two or more rectangles that have been joined together and is sometimes referred to as a compound shape. Children should be familiar with both terms. When calculating the perimeter of a rectilinear shape, encourage children to mark sides that they have already included in their total, to avoid counting sides more than once. Children may notice the connection between the perimeter of some rectilinear shapes and the rectangle that can be drawn around the shape.","build on their Year 4 learning to calculate the perimeters of rectilinear shapes. A rectilinear shape is a shape that has only straight sides and right angles. This can look like two or more rectangles that have been joined together and is sometimes referred to as a compound shape. Children should be familiar with both terms. When calculating the perimeter of a rectilinear shape, encourage children to mark sides that they have already included in their total, to avoid counting sides more than once. Children may notice the connection between the perimeter of some rectilinear shapes and the rectangle that can be drawn around the shape.","build on their Year 4 learning to calculate the perimeters of rectilinear shapes. A rectilinear shape is a shape that has only straight sides and right angles. This can look like two or more rectangles that have been joined together and is sometimes referred to as a compound shape. Children should be familiar with both terms. When calculating the perimeter of a rectilinear shape, encourage children to mark sides that they have already included in their total, to avoid counting sides more than once. Children may notice the connection between the perimeter of some rectilinear shapes and the rectangle that can be drawn around the shape.",baseline,Year 5_9-10_Spring__Perimeter and area_2_Perimeter of rectilinear shapes,year-5__9-10__spring__blank__perimeter-and-area__2__perimeter-of-rectilinear-shapes,3,3,Year 5_9-10_Spring__Perimeter and area_2_Perimeter of rectilinear shapes_recommendation_3,xPg9FsxRPQc,"Parallelograms, Rectangles, and Squares - Calculating Perimeter and Area","Parallelograms, Rectangles, and Squares - Calculating Perimeter and Area",Miacademy_&_MiaPrep_Learning_Channel,00:10:57,00:10:57,0.79,70.0,85.0,0.787,"The video primarily focuses on calculating the perimeter of parallelograms and rectangles, which aligns with the target objective of teaching perimeter for rectilinear shapes. However, it drifts into broader concepts of area and shapes beyond just rectilinear shapes, which may confuse learners new to the topic. While the content is age-appropriate, the emphasis on parallelograms could detract from the specific focus on rectilinear shapes as outlined in the curriculum objective.","The transcript effectively explains the concept of perimeter for rectilinear shapes through clear definitions and step-by-step examples, which are appropriate for the age group. It maintains focus on the perimeter throughout the video while introducing relevant terms and encouraging student engagement with prompts to pause and think. However, the introduction of area towards the end may distract from the primary objective of understanding perimeter.",cb33e2e768571eb1e315a4a2ee5f059ccb971c5c
Year 5,9-10,Spring,,Perimeter and area,3,3,3,Perimeter of polygons,Perimeter of polygons,"apply their knowledge of perimeter to find the perimeters of polygons and to solve word problems. A polygon is a closed two-dimensional shape with straight sides. The difference between regular and irregular shapes could be a good discussion point during this step. A regular shape is a two-dimensional shape with equal sides and angles, so a square is a regular rectangle. When given the length of one side, children use their knowledge of regular shapes to find the perimeter by multiplying by the number of sides. Children use the perimeter of a shape to find a missing side. Using pictorial representations, such as drawing the shape and adding the known values, will support children when problem solving.","apply their knowledge of perimeter to find the perimeters of polygons and to solve word problems. A polygon is a closed two-dimensional shape with straight sides. The difference between regular and irregular shapes could be a good discussion point during this step. A regular shape is a two-dimensional shape with equal sides and angles, so a square is a regular rectangle. When given the length of one side, children use their knowledge of regular shapes to find the perimeter by multiplying by the number of sides. Children use the perimeter of a shape to find a missing side. Using pictorial representations, such as drawing the shape and adding the known values, will support children when problem solving.","apply their knowledge of perimeter to find the perimeters of polygons and to solve word problems. A polygon is a closed two-dimensional shape with straight sides. The difference between regular and irregular shapes could be a good discussion point during this step. A regular shape is a two-dimensional shape with equal sides and angles, so a square is a regular rectangle. When given the length of one side, children use their knowledge of regular shapes to find the perimeter by multiplying by the number of sides. Children use the perimeter of a shape to find a missing side. Using pictorial representations, such as drawing the shape and adding the known values, will support children when problem solving.",baseline,Year 5_9-10_Spring__Perimeter and area_3_Perimeter of polygons,year-5__9-10__spring__blank__perimeter-and-area__3__perimeter-of-polygons,1,1,Year 5_9-10_Spring__Perimeter and area_3_Perimeter of polygons_recommendation_1,Yl3IPo8kzu0,Perimeter - Working Around Polygons,Perimeter - Working Around Polygons,Miacademy_&_MiaPrep_Learning_Channel,00:09:52,00:09:52,0.8602,95.0,85.0,0.8756,"The transcript content aligns very well with the target objective of finding the perimeters of polygons and solving related word problems. It effectively introduces the concept of perimeter, provides examples, and encourages practice with both calculating perimeters and finding missing side lengths, which is suitable for the age group of 9-10 year olds.","The transcript effectively explains the concept of perimeter and how to find it, using clear language appropriate for 9-10 year olds. It includes step-by-step worked examples and encourages student engagement through prompts to pause and practice. However, the introduction of terms like 'congruent' and 'isosceles' could be simplified or better defined for clarity.",cb33e2e768571eb1e315a4a2ee5f059ccb971c5c
Year 5,9-10,Spring,,Perimeter and area,3,3,3,Perimeter of polygons,Perimeter of polygons,"apply their knowledge of perimeter to find the perimeters of polygons and to solve word problems. A polygon is a closed two-dimensional shape with straight sides. The difference between regular and irregular shapes could be a good discussion point during this step. A regular shape is a two-dimensional shape with equal sides and angles, so a square is a regular rectangle. When given the length of one side, children use their knowledge of regular shapes to find the perimeter by multiplying by the number of sides. Children use the perimeter of a shape to find a missing side. Using pictorial representations, such as drawing the shape and adding the known values, will support children when problem solving.","apply their knowledge of perimeter to find the perimeters of polygons and to solve word problems. A polygon is a closed two-dimensional shape with straight sides. The difference between regular and irregular shapes could be a good discussion point during this step. A regular shape is a two-dimensional shape with equal sides and angles, so a square is a regular rectangle. When given the length of one side, children use their knowledge of regular shapes to find the perimeter by multiplying by the number of sides. Children use the perimeter of a shape to find a missing side. Using pictorial representations, such as drawing the shape and adding the known values, will support children when problem solving.","apply their knowledge of perimeter to find the perimeters of polygons and to solve word problems. A polygon is a closed two-dimensional shape with straight sides. The difference between regular and irregular shapes could be a good discussion point during this step. A regular shape is a two-dimensional shape with equal sides and angles, so a square is a regular rectangle. When given the length of one side, children use their knowledge of regular shapes to find the perimeter by multiplying by the number of sides. Children use the perimeter of a shape to find a missing side. Using pictorial representations, such as drawing the shape and adding the known values, will support children when problem solving.",baseline,Year 5_9-10_Spring__Perimeter and area_3_Perimeter of polygons,year-5__9-10__spring__blank__perimeter-and-area__3__perimeter-of-polygons,2,2,Year 5_9-10_Spring__Perimeter and area_3_Perimeter of polygons_recommendation_2,AAY1bsazcgM,Math Antics - Perimeter,Math Antics - Perimeter,mathantics,00:07:29,00:07:29,0.8389,95.0,85.0,0.8639,"The video effectively teaches the concept of perimeter specifically for polygons, aligning well with the curriculum objective. It covers how to calculate the perimeter of regular and irregular shapes, emphasizes the importance of units, and includes problem-solving strategies for finding missing side lengths, which are all crucial for learners new to the topic.","The transcript effectively explains the concept of perimeter using clear definitions and relatable examples suitable for 9-10 year olds. It maintains focus on the single concept of perimeter throughout, includes worked examples with step-by-step reasoning, and emphasizes the importance of units. However, while it introduces some new terms, it could benefit from more engagement prompts to further involve the learners.",cb33e2e768571eb1e315a4a2ee5f059ccb971c5c
Year 5,9-10,Spring,,Perimeter and area,3,3,3,Perimeter of polygons,Perimeter of polygons,"apply their knowledge of perimeter to find the perimeters of polygons and to solve word problems. A polygon is a closed two-dimensional shape with straight sides. The difference between regular and irregular shapes could be a good discussion point during this step. A regular shape is a two-dimensional shape with equal sides and angles, so a square is a regular rectangle. When given the length of one side, children use their knowledge of regular shapes to find the perimeter by multiplying by the number of sides. Children use the perimeter of a shape to find a missing side. Using pictorial representations, such as drawing the shape and adding the known values, will support children when problem solving.","apply their knowledge of perimeter to find the perimeters of polygons and to solve word problems. A polygon is a closed two-dimensional shape with straight sides. The difference between regular and irregular shapes could be a good discussion point during this step. A regular shape is a two-dimensional shape with equal sides and angles, so a square is a regular rectangle. When given the length of one side, children use their knowledge of regular shapes to find the perimeter by multiplying by the number of sides. Children use the perimeter of a shape to find a missing side. Using pictorial representations, such as drawing the shape and adding the known values, will support children when problem solving.","apply their knowledge of perimeter to find the perimeters of polygons and to solve word problems. A polygon is a closed two-dimensional shape with straight sides. The difference between regular and irregular shapes could be a good discussion point during this step. A regular shape is a two-dimensional shape with equal sides and angles, so a square is a regular rectangle. When given the length of one side, children use their knowledge of regular shapes to find the perimeter by multiplying by the number of sides. Children use the perimeter of a shape to find a missing side. Using pictorial representations, such as drawing the shape and adding the known values, will support children when problem solving.",baseline,Year 5_9-10_Spring__Perimeter and area_3_Perimeter of polygons,year-5__9-10__spring__blank__perimeter-and-area__3__perimeter-of-polygons,3,3,Year 5_9-10_Spring__Perimeter and area_3_Perimeter of polygons_recommendation_3,VLzQ_NFs0Sw,How Do You Find the Perimeter of a Polygon? | KS2 Maths Concept for Kids,How Do You Find the Perimeter of a Polygon? | KS2 Maths Concept for Kids,Twinkl_Educational_Publishing,00:04:55,00:04:55,0.9,90.0,75.0,0.8625,"The video effectively focuses on calculating the perimeter of polygons, which directly aligns with the target curriculum objective. It covers both regular and irregular polygons, demonstrates how to calculate perimeters, and includes problem-solving strategies, making it suitable for 9-10 year olds. However, a slight improvement could be made by emphasizing pictorial representations more explicitly.","The transcript provides a clear explanation of perimeter and polygons, using appropriate language for 9-10 year olds. It includes worked examples and prompts for student engagement, though it could benefit from more pictorial representations to enhance understanding and maintain focus on a single concept throughout.",cb33e2e768571eb1e315a4a2ee5f059ccb971c5c
Year 5,9-10,Spring,,Perimeter and area,4,4,4,Area of rectangles,Area of rectangles,"In Year 4, children learnt that area was the space inside a two-dimensional shape. In this small step, they recap this key concept by making a visual comparison of two shapes without having to work out the area. They then go on to find the areas of shapes by counting squares, and are introduced to the square centimetre (cm2) by counting squares on a centimetre squared grid. Highlight the difference between 1 cm and 1 cm2, to ensure children understand that cm is a measure of length and cm2 is a measure of area. Arrays can help children understand why they can multiply the length by the width to calculate the area of a rectangle, which they can then use to find the area of shapes not drawn on a centimetre squared grid. Children should be made aware that cm2 is not the only unit used to measure area, and other units such as mm2, m2 and km2 are also examples of units of area.","In Year 4, children learnt that area was the space inside a two-dimensional shape. In this small step, they recap this key concept by making a visual comparison of two shapes without having to work out the area. They then go on to find the areas of shapes by counting squares, and are introduced to the square centimetre (cm2) by counting squares on a centimetre squared grid. Highlight the difference between 1 cm and 1 cm2, to ensure children understand that cm is a measure of length and cm2 is a measure of area. Arrays can help children understand why they can multiply the length by the width to calculate the area of a rectangle, which they can then use to find the area of shapes not drawn on a centimetre squared grid. Children should be made aware that cm2 is not the only unit used to measure area, and other units such as mm2, m2 and km2 are also examples of units of area.","In Year 4, children learnt that area was the space inside a two-dimensional shape. In this small step, they recap this key concept by making a visual comparison of two shapes without having to work out the area. They then go on to find the areas of shapes by counting squares, and are introduced to the square centimetre (cm2) by counting squares on a centimetre squared grid. Highlight the difference between 1 cm and 1 cm2, to ensure children understand that cm is a measure of length and cm2 is a measure of area. Arrays can help children understand why they can multiply the length by the width to calculate the area of a rectangle, which they can then use to find the area of shapes not drawn on a centimetre squared grid. Children should be made aware that cm2 is not the only unit used to measure area, and other units such as mm2, m2 and km2 are also examples of units of area.",baseline,Year 5_9-10_Spring__Perimeter and area_4_Area of rectangles,year-5__9-10__spring__blank__perimeter-and-area__4__area-of-rectangles,1,1,Year 5_9-10_Spring__Perimeter and area_4_Area of rectangles_recommendation_1,xCdxURXMdFY,Math Antics - Area,Math Antics - Area,mathantics,00:10:26,00:10:26,0.8404,85.0,85.0,0.8447,"The video effectively introduces the concept of area, explaining it as a 2-dimensional quantity and differentiating between cm and cm², which aligns well with the curriculum objective. However, it also delves into calculating the area of triangles, which may exceed the scope for learners new to the topic of rectangles and area, potentially causing confusion.","The transcript effectively explains the concept of area using clear and relatable analogies, such as the paintbrush analogy for visualizing area. It maintains a focus on the core concepts of area and its calculation throughout, using appropriate language for 9-10-year-olds. However, while it introduces new terms like 'base' and 'height' with definitions, it could benefit from more student engagement prompts to enhance interaction.",cb33e2e768571eb1e315a4a2ee5f059ccb971c5c
Year 5,9-10,Spring,,Perimeter and area,4,4,4,Area of rectangles,Area of rectangles,"In Year 4, children learnt that area was the space inside a two-dimensional shape. In this small step, they recap this key concept by making a visual comparison of two shapes without having to work out the area. They then go on to find the areas of shapes by counting squares, and are introduced to the square centimetre (cm2) by counting squares on a centimetre squared grid. Highlight the difference between 1 cm and 1 cm2, to ensure children understand that cm is a measure of length and cm2 is a measure of area. Arrays can help children understand why they can multiply the length by the width to calculate the area of a rectangle, which they can then use to find the area of shapes not drawn on a centimetre squared grid. Children should be made aware that cm2 is not the only unit used to measure area, and other units such as mm2, m2 and km2 are also examples of units of area.","In Year 4, children learnt that area was the space inside a two-dimensional shape. In this small step, they recap this key concept by making a visual comparison of two shapes without having to work out the area. They then go on to find the areas of shapes by counting squares, and are introduced to the square centimetre (cm2) by counting squares on a centimetre squared grid. Highlight the difference between 1 cm and 1 cm2, to ensure children understand that cm is a measure of length and cm2 is a measure of area. Arrays can help children understand why they can multiply the length by the width to calculate the area of a rectangle, which they can then use to find the area of shapes not drawn on a centimetre squared grid. Children should be made aware that cm2 is not the only unit used to measure area, and other units such as mm2, m2 and km2 are also examples of units of area.","In Year 4, children learnt that area was the space inside a two-dimensional shape. In this small step, they recap this key concept by making a visual comparison of two shapes without having to work out the area. They then go on to find the areas of shapes by counting squares, and are introduced to the square centimetre (cm2) by counting squares on a centimetre squared grid. Highlight the difference between 1 cm and 1 cm2, to ensure children understand that cm is a measure of length and cm2 is a measure of area. Arrays can help children understand why they can multiply the length by the width to calculate the area of a rectangle, which they can then use to find the area of shapes not drawn on a centimetre squared grid. Children should be made aware that cm2 is not the only unit used to measure area, and other units such as mm2, m2 and km2 are also examples of units of area.",baseline,Year 5_9-10_Spring__Perimeter and area_4_Area of rectangles,year-5__9-10__spring__blank__perimeter-and-area__4__area-of-rectangles,2,2,Year 5_9-10_Spring__Perimeter and area_4_Area of rectangles_recommendation_2,8cz_IB65pZM,Area for Kids - Full Lesson Video | Homeschool Pop Math,Area for Kids - Full Lesson Video | Homeschool Pop Math,Homeschool_Pop,00:08:58,00:08:58,0.8043,85.0,85.0,0.8249,"The video effectively introduces the concept of area, emphasizing the difference between area and perimeter, which aligns well with the curriculum objective. It uses visual examples and counting squares, which is suitable for 9-10 year-olds. However, it briefly touches on multiplication for area calculation and mentions other shapes like circles and triangles, which slightly drifts from the specific focus on rectangles.","The transcript effectively explains the concept of area by clearly distinguishing it from perimeter, using simple language appropriate for 9-10 year olds. It includes engaging prompts for counting square units and demonstrates the multiplication method for finding area with clear, step-by-step examples. However, while it introduces the concept of square centimeters and the notation for squared, it could benefit from a more explicit visual representation of these units to enhance understanding.",cb33e2e768571eb1e315a4a2ee5f059ccb971c5c
Year 5,9-10,Spring,,Perimeter and area,4,4,4,Area of rectangles,Area of rectangles,"In Year 4, children learnt that area was the space inside a two-dimensional shape. In this small step, they recap this key concept by making a visual comparison of two shapes without having to work out the area. They then go on to find the areas of shapes by counting squares, and are introduced to the square centimetre (cm2) by counting squares on a centimetre squared grid. Highlight the difference between 1 cm and 1 cm2, to ensure children understand that cm is a measure of length and cm2 is a measure of area. Arrays can help children understand why they can multiply the length by the width to calculate the area of a rectangle, which they can then use to find the area of shapes not drawn on a centimetre squared grid. Children should be made aware that cm2 is not the only unit used to measure area, and other units such as mm2, m2 and km2 are also examples of units of area.","In Year 4, children learnt that area was the space inside a two-dimensional shape. In this small step, they recap this key concept by making a visual comparison of two shapes without having to work out the area. They then go on to find the areas of shapes by counting squares, and are introduced to the square centimetre (cm2) by counting squares on a centimetre squared grid. Highlight the difference between 1 cm and 1 cm2, to ensure children understand that cm is a measure of length and cm2 is a measure of area. Arrays can help children understand why they can multiply the length by the width to calculate the area of a rectangle, which they can then use to find the area of shapes not drawn on a centimetre squared grid. Children should be made aware that cm2 is not the only unit used to measure area, and other units such as mm2, m2 and km2 are also examples of units of area.","In Year 4, children learnt that area was the space inside a two-dimensional shape. In this small step, they recap this key concept by making a visual comparison of two shapes without having to work out the area. They then go on to find the areas of shapes by counting squares, and are introduced to the square centimetre (cm2) by counting squares on a centimetre squared grid. Highlight the difference between 1 cm and 1 cm2, to ensure children understand that cm is a measure of length and cm2 is a measure of area. Arrays can help children understand why they can multiply the length by the width to calculate the area of a rectangle, which they can then use to find the area of shapes not drawn on a centimetre squared grid. Children should be made aware that cm2 is not the only unit used to measure area, and other units such as mm2, m2 and km2 are also examples of units of area.",baseline,Year 5_9-10_Spring__Perimeter and area_4_Area of rectangles,year-5__9-10__spring__blank__perimeter-and-area__4__area-of-rectangles,3,3,Year 5_9-10_Spring__Perimeter and area_4_Area of rectangles_recommendation_3,11ftYcJxdOU,How To Find The Area Of A Rectangle Or Square,How To Find The Area Of A Rectangle Or Square,Minity_Maths,00:03:04,00:03:04,0.8844,85.0,65.0,0.8189,"The video effectively introduces the concept of area in relation to squares and rectangles, aligning well with the target objective. It emphasizes the measurement of area using square centimeters and encourages learners to explore different rectangles, which supports their understanding of area calculation through multiplication. However, it could improve by explicitly highlighting the difference between cm and cm² and mentioning other units of area.","The transcript provides a basic explanation of area and introduces square centimeters effectively, but it lacks depth in conceptual clarity, particularly in distinguishing between cm and cm². While it engages students with prompts to draw rectangles, it could benefit from clearer definitions of new terms and more visual examples to illustrate the concepts, especially for younger learners.",cb33e2e768571eb1e315a4a2ee5f059ccb971c5c
Year 5,9-10,Spring,,Perimeter and area,5,5,5,Area of compound shapes,Area of compound shapes,"learn to calculate the areas of compound shapes, which are shapes made up of two or more other shapes. The focus is on rectilinear shapes. To support their understanding, give children compound shapes for them to physically cut or split. They could find the area of each rectangle and deduce the total area of the shape. Some children will split their compound shape differently from others. This will highlight that a compound shape is made up from other shapes and that the area of the compound shape remains the same, whichever way the shape is split. Children apply their learning from earlier steps to find missing lengths on the shape to support finding the area.","learn to calculate the areas of compound shapes, which are shapes made up of two or more other shapes. The focus is on rectilinear shapes. To support their understanding, give children compound shapes for them to physically cut or split. They could find the area of each rectangle and deduce the total area of the shape. Some children will split their compound shape differently from others. This will highlight that a compound shape is made up from other shapes and that the area of the compound shape remains the same, whichever way the shape is split. Children apply their learning from earlier steps to find missing lengths on the shape to support finding the area.","learn to calculate the areas of compound shapes, which are shapes made up of two or more other shapes. The focus is on rectilinear shapes. To support their understanding, give children compound shapes for them to physically cut or split. They could find the area of each rectangle and deduce the total area of the shape. Some children will split their compound shape differently from others. This will highlight that a compound shape is made up from other shapes and that the area of the compound shape remains the same, whichever way the shape is split. Children apply their learning from earlier steps to find missing lengths on the shape to support finding the area.",baseline,Year 5_9-10_Spring__Perimeter and area_5_Area of compound shapes,year-5__9-10__spring__blank__perimeter-and-area__5__area-of-compound-shapes,1,1,Year 5_9-10_Spring__Perimeter and area_5_Area of compound shapes_recommendation_1,yYCTckL1mOg,Composite Figures - Calculating Area,Composite Figures - Calculating Area,Miacademy_&_MiaPrep_Learning_Channel,00:10:02,00:10:02,0.844,95.0,85.0,0.8667,"The video aligns very well with the target curriculum objective by focusing on calculating the area of compound shapes made from simpler shapes, such as rectangles and triangles. It encourages hands-on learning through physical cutouts and emphasizes different methods of breaking down compound shapes, which supports understanding for learners new to the topic.","The transcript effectively explains the concept of calculating the area of compound shapes by using familiar shapes like rectangles and triangles, which is appropriate for the target age group. It includes clear step-by-step reasoning, prompts for student engagement, and encourages hands-on interaction with cutouts, although some complex language and terms could be simplified further for better understanding.",cb33e2e768571eb1e315a4a2ee5f059ccb971c5c
Year 5,9-10,Spring,,Perimeter and area,5,5,5,Area of compound shapes,Area of compound shapes,"learn to calculate the areas of compound shapes, which are shapes made up of two or more other shapes. The focus is on rectilinear shapes. To support their understanding, give children compound shapes for them to physically cut or split. They could find the area of each rectangle and deduce the total area of the shape. Some children will split their compound shape differently from others. This will highlight that a compound shape is made up from other shapes and that the area of the compound shape remains the same, whichever way the shape is split. Children apply their learning from earlier steps to find missing lengths on the shape to support finding the area.","learn to calculate the areas of compound shapes, which are shapes made up of two or more other shapes. The focus is on rectilinear shapes. To support their understanding, give children compound shapes for them to physically cut or split. They could find the area of each rectangle and deduce the total area of the shape. Some children will split their compound shape differently from others. This will highlight that a compound shape is made up from other shapes and that the area of the compound shape remains the same, whichever way the shape is split. Children apply their learning from earlier steps to find missing lengths on the shape to support finding the area.","learn to calculate the areas of compound shapes, which are shapes made up of two or more other shapes. The focus is on rectilinear shapes. To support their understanding, give children compound shapes for them to physically cut or split. They could find the area of each rectangle and deduce the total area of the shape. Some children will split their compound shape differently from others. This will highlight that a compound shape is made up from other shapes and that the area of the compound shape remains the same, whichever way the shape is split. Children apply their learning from earlier steps to find missing lengths on the shape to support finding the area.",baseline,Year 5_9-10_Spring__Perimeter and area_5_Area of compound shapes,year-5__9-10__spring__blank__perimeter-and-area__5__area-of-compound-shapes,2,2,Year 5_9-10_Spring__Perimeter and area_5_Area of compound shapes_recommendation_2,U25OYoLYtVM,How To Find The Area Of Compound Shapes,How To Find The Area Of Compound Shapes,Minity_Maths,00:04:04,00:04:04,0.931,85.0,70.0,0.8571,"The video aligns well with the target objective by explaining how to calculate the area of compound shapes and emphasizing the importance of deconstructing shapes into basic components. It maintains focus on rectilinear shapes and provides practical examples, which are suitable for the 9-10 age group. However, it could benefit from more interactive elements or physical activities to enhance understanding, as suggested in the curriculum description.","The transcript provides a clear explanation of compound shapes and how to calculate their area, using simple language appropriate for 9-10 year-olds. However, it lacks sufficient pictographic examples and step-by-step visual aids that could enhance understanding, and the introduction of terms like 'perpendicular height' could be confusing without clear definitions or analogies.",cb33e2e768571eb1e315a4a2ee5f059ccb971c5c
Year 5,9-10,Spring,,Perimeter and area,5,5,5,Area of compound shapes,Area of compound shapes,"learn to calculate the areas of compound shapes, which are shapes made up of two or more other shapes. The focus is on rectilinear shapes. To support their understanding, give children compound shapes for them to physically cut or split. They could find the area of each rectangle and deduce the total area of the shape. Some children will split their compound shape differently from others. This will highlight that a compound shape is made up from other shapes and that the area of the compound shape remains the same, whichever way the shape is split. Children apply their learning from earlier steps to find missing lengths on the shape to support finding the area.","learn to calculate the areas of compound shapes, which are shapes made up of two or more other shapes. The focus is on rectilinear shapes. To support their understanding, give children compound shapes for them to physically cut or split. They could find the area of each rectangle and deduce the total area of the shape. Some children will split their compound shape differently from others. This will highlight that a compound shape is made up from other shapes and that the area of the compound shape remains the same, whichever way the shape is split. Children apply their learning from earlier steps to find missing lengths on the shape to support finding the area.","learn to calculate the areas of compound shapes, which are shapes made up of two or more other shapes. The focus is on rectilinear shapes. To support their understanding, give children compound shapes for them to physically cut or split. They could find the area of each rectangle and deduce the total area of the shape. Some children will split their compound shape differently from others. This will highlight that a compound shape is made up from other shapes and that the area of the compound shape remains the same, whichever way the shape is split. Children apply their learning from earlier steps to find missing lengths on the shape to support finding the area.",baseline,Year 5_9-10_Spring__Perimeter and area_5_Area of compound shapes,year-5__9-10__spring__blank__perimeter-and-area__5__area-of-compound-shapes,3,3,Year 5_9-10_Spring__Perimeter and area_5_Area of compound shapes_recommendation_3,j92jsaaxhk8,Comprehensive Guide to Calculating Area,Comprehensive Guide to Calculating Area,Minity_Maths,00:14:46,00:14:46,0.9112,85.0,70.0,0.8461,"The video covers the area of compound shapes and provides a clear method for calculating the area by splitting the shape into basic components, which aligns well with the curriculum objective. However, while it includes various shapes, it could focus more on rectilinear shapes specifically, and the introduction of other shapes like triangles and trapeziums may distract from the primary objective for learners new to the topic.","The transcript provides a comprehensive overview of various shapes and their areas, including compound shapes, which is relevant to the target curriculum objective. However, it lacks a focused explanation on compound shapes specifically and does not engage learners with prompts or interactive elements. The language is somewhat complex for the age group, and while some definitions are provided, the introduction of new terms could be clearer to avoid confusion.",cb33e2e768571eb1e315a4a2ee5f059ccb971c5c
Year 5,9-10,Spring,,Perimeter and area,6,6,6,Estimate area,Estimate area,"use their knowledge of counting squares to estimate the areas of non-rectilinear shapes. Children should be aware that the estimate is not exact andother people may find a different estimate. One way to obtain an estimate is to find the total number of complete squares,then include a square if more than half of it is coloured, but not if less than half is coloured. Children use their knowledge of fractions to estimate how much of a square is covered. For larger shapes, the areas of rectangles within them can be found by multiplying the length by the width, rather than counting all the squares individually. To avoid repetition or miscounting, children can physically annotate when counting squares. An alternative method is to match up part-covered squares to create wholes, but this is more demanding and time consuming.","use their knowledge of counting squares to estimate the areas of non-rectilinear shapes. Children should be aware that the estimate is not exact andother people may find a different estimate. One way to obtain an estimate is to find the total number of complete squares,then include a square if more than half of it is coloured, but not if less than half is coloured. Children use their knowledge of fractions to estimate how much of a square is covered. For larger shapes, the areas of rectangles within them can be found by multiplying the length by the width, rather than counting all the squares individually. To avoid repetition or miscounting, children can physically annotate when counting squares. An alternative method is to match up part-covered squares to create wholes, but this is more demanding and time consuming.","use their knowledge of counting squares to estimate the areas of non-rectilinear shapes. Children should be aware that the estimate is not exact andother people may find a different estimate. One way to obtain an estimate is to find the total number of complete squares,then include a square if more than half of it is coloured, but not if less than half is coloured. Children use their knowledge of fractions to estimate how much of a square is covered. For larger shapes, the areas of rectangles within them can be found by multiplying the length by the width, rather than counting all the squares individually. To avoid repetition or miscounting, children can physically annotate when counting squares. An alternative method is to match up part-covered squares to create wholes, but this is more demanding and time consuming.",baseline,Year 5_9-10_Spring__Perimeter and area_6_Estimate area,year-5__9-10__spring__blank__perimeter-and-area__6__estimate-area,1,1,Year 5_9-10_Spring__Perimeter and area_6_Estimate area_recommendation_1,THrgM1V9XXk,How Do You Calculate The Area of a Triangle by Counting Squares? | KS2 Maths Concept for Kids,How Do You Calculate The Area of a Triangle by Counting Squares? | KS2 Maths Concept for Kids,Twinkl_Educational_Publishing,00:03:58,00:03:58,0.8122,70.0,75.0,0.7742,"The video focuses on calculating the area of triangles using counting squares, which aligns with the objective of estimating area. However, it primarily emphasizes exact area calculations rather than estimation techniques and does not sufficiently cover the concept of non-rectilinear shapes or the nuances of estimating areas, which may limit its effectiveness for learners new to the topic.","The transcript effectively explains the concept of area using simple language and clear examples, focusing on counting squares and estimating areas. However, while it introduces some new terms like 'approximately' and 'squared units,' it could benefit from clearer definitions and more visual aids to enhance understanding for younger learners.",cb33e2e768571eb1e315a4a2ee5f059ccb971c5c
Year 5,9-10,Spring,,Perimeter and area,6,6,6,Estimate area,Estimate area,"use their knowledge of counting squares to estimate the areas of non-rectilinear shapes. Children should be aware that the estimate is not exact andother people may find a different estimate. One way to obtain an estimate is to find the total number of complete squares,then include a square if more than half of it is coloured, but not if less than half is coloured. Children use their knowledge of fractions to estimate how much of a square is covered. For larger shapes, the areas of rectangles within them can be found by multiplying the length by the width, rather than counting all the squares individually. To avoid repetition or miscounting, children can physically annotate when counting squares. An alternative method is to match up part-covered squares to create wholes, but this is more demanding and time consuming.","use their knowledge of counting squares to estimate the areas of non-rectilinear shapes. Children should be aware that the estimate is not exact andother people may find a different estimate. One way to obtain an estimate is to find the total number of complete squares,then include a square if more than half of it is coloured, but not if less than half is coloured. Children use their knowledge of fractions to estimate how much of a square is covered. For larger shapes, the areas of rectangles within them can be found by multiplying the length by the width, rather than counting all the squares individually. To avoid repetition or miscounting, children can physically annotate when counting squares. An alternative method is to match up part-covered squares to create wholes, but this is more demanding and time consuming.","use their knowledge of counting squares to estimate the areas of non-rectilinear shapes. Children should be aware that the estimate is not exact andother people may find a different estimate. One way to obtain an estimate is to find the total number of complete squares,then include a square if more than half of it is coloured, but not if less than half is coloured. Children use their knowledge of fractions to estimate how much of a square is covered. For larger shapes, the areas of rectangles within them can be found by multiplying the length by the width, rather than counting all the squares individually. To avoid repetition or miscounting, children can physically annotate when counting squares. An alternative method is to match up part-covered squares to create wholes, but this is more demanding and time consuming.",baseline,Year 5_9-10_Spring__Perimeter and area_6_Estimate area,year-5__9-10__spring__blank__perimeter-and-area__6__estimate-area,2,2,Year 5_9-10_Spring__Perimeter and area_6_Estimate area_recommendation_2,rqz4tDVpJg0,Area of rectangles (grade 3),Area of rectangles (grade 3),Maths_4_Kids,00:02:10,00:02:10,0.715,85.0,70.0,0.7383,"The transcript aligns well with the target objective by focusing on estimating area through counting squares and using multiplication for rectangular shapes. However, it lacks emphasis on the concept of estimating non-rectilinear shapes and the idea that estimates can vary, which is crucial for the objective. Overall, it is suitable for the age group and provides a solid foundation for understanding area.","The transcript provides a basic explanation of area using relatable concepts like covering shapes with squares, which is appropriate for the age group. However, it lacks clear definitions for terms like 'area' and 'square units,' and the language could be simplified further to enhance understanding. Additionally, while there are some examples, the explanation could benefit from more structured step-by-step reasoning and visual aids to reinforce the concepts.",cb33e2e768571eb1e315a4a2ee5f059ccb971c5c
Year 5,9-10,Spring,,Perimeter and area,6,6,6,Estimate area,Estimate area,"use their knowledge of counting squares to estimate the areas of non-rectilinear shapes. Children should be aware that the estimate is not exact andother people may find a different estimate. One way to obtain an estimate is to find the total number of complete squares,then include a square if more than half of it is coloured, but not if less than half is coloured. Children use their knowledge of fractions to estimate how much of a square is covered. For larger shapes, the areas of rectangles within them can be found by multiplying the length by the width, rather than counting all the squares individually. To avoid repetition or miscounting, children can physically annotate when counting squares. An alternative method is to match up part-covered squares to create wholes, but this is more demanding and time consuming.","use their knowledge of counting squares to estimate the areas of non-rectilinear shapes. Children should be aware that the estimate is not exact andother people may find a different estimate. One way to obtain an estimate is to find the total number of complete squares,then include a square if more than half of it is coloured, but not if less than half is coloured. Children use their knowledge of fractions to estimate how much of a square is covered. For larger shapes, the areas of rectangles within them can be found by multiplying the length by the width, rather than counting all the squares individually. To avoid repetition or miscounting, children can physically annotate when counting squares. An alternative method is to match up part-covered squares to create wholes, but this is more demanding and time consuming.","use their knowledge of counting squares to estimate the areas of non-rectilinear shapes. Children should be aware that the estimate is not exact andother people may find a different estimate. One way to obtain an estimate is to find the total number of complete squares,then include a square if more than half of it is coloured, but not if less than half is coloured. Children use their knowledge of fractions to estimate how much of a square is covered. For larger shapes, the areas of rectangles within them can be found by multiplying the length by the width, rather than counting all the squares individually. To avoid repetition or miscounting, children can physically annotate when counting squares. An alternative method is to match up part-covered squares to create wholes, but this is more demanding and time consuming.",baseline,Year 5_9-10_Spring__Perimeter and area_6_Estimate area,year-5__9-10__spring__blank__perimeter-and-area__6__estimate-area,3,3,Year 5_9-10_Spring__Perimeter and area_6_Estimate area_recommendation_3,8cz_IB65pZM,Area for Kids - Full Lesson Video | Homeschool Pop Math,Area for Kids - Full Lesson Video | Homeschool Pop Math,Homeschool_Pop,00:08:58,00:08:58,0.7076,60.0,75.0,0.6967,"The video introduces the concept of area and provides examples of calculating area for squares and rectangles, which aligns with the curriculum objective. However, it lacks a focus on estimating the area of non-rectilinear shapes and does not address the methods for estimating area using counting squares or fractions, which are critical components of the target objective.","The transcript effectively introduces the concept of area with clear definitions and relatable examples, making it accessible for 9-10 year olds. However, while it maintains focus on the concept of area, it could benefit from more pictorial examples and explicit engagement prompts to encourage active participation from the learners.",cb33e2e768571eb1e315a4a2ee5f059ccb971c5c
Year 5,9-10,Spring,,Statistics,1,1,7,Draw line graphs,Draw line graphs,"In Year 4, children interpreted and drew line graphs for the first time, focusing on examples where the horizontal axis was a measure of time. In this small step, they revisit this learning and build upon it by looking at other types of graph, for example conversion graphs. Encourage children to join points using a straight dashed line and discuss the fact that this is used because they cannot be certain of exact values between the given values at two points. However, this does not apply to conversion graphs. Explore different sets of data that call for a range of intervals on the vertical axis. Children can decide what intervals to use by looking at the greatest and lowest values and using an appropriate scale.","In Year 4, children interpreted and drew line graphs for the first time, focusing on examples where the horizontal axis was a measure of time. In this small step, they revisit this learning and build upon it by looking at other types of graph, for example conversion graphs. Encourage children to join points using a straight dashed line and discuss the fact that this is used because they cannot be certain of exact values between the given values at two points. However, this does not apply to conversion graphs. Explore different sets of data that call for a range of intervals on the vertical axis. Children can decide what intervals to use by looking at the greatest and lowest values and using an appropriate scale.","In Year 4, children interpreted and drew line graphs for the first time, focusing on examples where the horizontal axis was a measure of time. In this small step, they revisit this learning and build upon it by looking at other types of graph, for example conversion graphs. Encourage children to join points using a straight dashed line and discuss the fact that this is used because they cannot be certain of exact values between the given values at two points. However, this does not apply to conversion graphs. Explore different sets of data that call for a range of intervals on the vertical axis. Children can decide what intervals to use by looking at the greatest and lowest values and using an appropriate scale.",baseline,Year 5_9-10_Spring__Statistics_1_Draw line graphs,year-5__9-10__spring__blank__statistics__1__draw-line-graphs,1,1,Year 5_9-10_Spring__Statistics_1_Draw line graphs_recommendation_1,p99utFBzGcU,Learn all about line graphs and how to make one!,Learn all about line graphs and how to make one!,Mr._Tom_Teaches_Again,00:05:49,00:05:49,0.7811,95.0,85.0,0.8321,"The transcript content aligns well with the target objective of drawing line graphs, focusing on interpreting data over time, which is suitable for 9-10 year olds. It emphasizes the importance of labeling axes, plotting points, and connecting them with lines, while remaining focused on line graphs without drifting into unrelated topics.","The transcript effectively introduces the concept of line graphs using relatable examples, such as plant growth, which is appropriate for the age group. It maintains focus on the single concept of line graphs throughout, includes clear definitions of terms, and engages students with questions about their observations. However, it could benefit from more visual aids or diagrams to enhance understanding.",cb33e2e768571eb1e315a4a2ee5f059ccb971c5c
Year 5,9-10,Spring,,Statistics,1,1,7,Draw line graphs,Draw line graphs,"In Year 4, children interpreted and drew line graphs for the first time, focusing on examples where the horizontal axis was a measure of time. In this small step, they revisit this learning and build upon it by looking at other types of graph, for example conversion graphs. Encourage children to join points using a straight dashed line and discuss the fact that this is used because they cannot be certain of exact values between the given values at two points. However, this does not apply to conversion graphs. Explore different sets of data that call for a range of intervals on the vertical axis. Children can decide what intervals to use by looking at the greatest and lowest values and using an appropriate scale.","In Year 4, children interpreted and drew line graphs for the first time, focusing on examples where the horizontal axis was a measure of time. In this small step, they revisit this learning and build upon it by looking at other types of graph, for example conversion graphs. Encourage children to join points using a straight dashed line and discuss the fact that this is used because they cannot be certain of exact values between the given values at two points. However, this does not apply to conversion graphs. Explore different sets of data that call for a range of intervals on the vertical axis. Children can decide what intervals to use by looking at the greatest and lowest values and using an appropriate scale.","In Year 4, children interpreted and drew line graphs for the first time, focusing on examples where the horizontal axis was a measure of time. In this small step, they revisit this learning and build upon it by looking at other types of graph, for example conversion graphs. Encourage children to join points using a straight dashed line and discuss the fact that this is used because they cannot be certain of exact values between the given values at two points. However, this does not apply to conversion graphs. Explore different sets of data that call for a range of intervals on the vertical axis. Children can decide what intervals to use by looking at the greatest and lowest values and using an appropriate scale.",baseline,Year 5_9-10_Spring__Statistics_1_Draw line graphs,year-5__9-10__spring__blank__statistics__1__draw-line-graphs,2,2,Year 5_9-10_Spring__Statistics_1_Draw line graphs_recommendation_2,qn8dtqkTHgE,"Line Graphs - Interpreting, Identifying Trends, and Comparing Datasets","Line Graphs - Interpreting, Identifying Trends, and Comparing Datasets",Miacademy_&_MiaPrep_Learning_Channel,00:11:35,00:11:35,0.7511,95.0,85.0,0.8156,"The transcript effectively aligns with the target objective of drawing line graphs by introducing the concept of line graphs, guiding learners through the plotting process, and encouraging interpretation of data. It maintains focus on line graphs without drifting into unrelated topics, and the content is age-appropriate for 9-10 year-olds, making it suitable for learners new to the topic.","The transcript effectively introduces the concept of line graphs with clear explanations and step-by-step guidance, making it accessible for 9-10 year olds. It maintains focus on the single concept of drawing and interpreting line graphs, uses engaging language, and includes prompts for student engagement. However, while it introduces some new terms, it could benefit from more explicit definitions and examples for terms like 'trends' to enhance understanding.",cb33e2e768571eb1e315a4a2ee5f059ccb971c5c
Year 5,9-10,Spring,,Statistics,1,1,7,Draw line graphs,Draw line graphs,"In Year 4, children interpreted and drew line graphs for the first time, focusing on examples where the horizontal axis was a measure of time. In this small step, they revisit this learning and build upon it by looking at other types of graph, for example conversion graphs. Encourage children to join points using a straight dashed line and discuss the fact that this is used because they cannot be certain of exact values between the given values at two points. However, this does not apply to conversion graphs. Explore different sets of data that call for a range of intervals on the vertical axis. Children can decide what intervals to use by looking at the greatest and lowest values and using an appropriate scale.","In Year 4, children interpreted and drew line graphs for the first time, focusing on examples where the horizontal axis was a measure of time. In this small step, they revisit this learning and build upon it by looking at other types of graph, for example conversion graphs. Encourage children to join points using a straight dashed line and discuss the fact that this is used because they cannot be certain of exact values between the given values at two points. However, this does not apply to conversion graphs. Explore different sets of data that call for a range of intervals on the vertical axis. Children can decide what intervals to use by looking at the greatest and lowest values and using an appropriate scale.","In Year 4, children interpreted and drew line graphs for the first time, focusing on examples where the horizontal axis was a measure of time. In this small step, they revisit this learning and build upon it by looking at other types of graph, for example conversion graphs. Encourage children to join points using a straight dashed line and discuss the fact that this is used because they cannot be certain of exact values between the given values at two points. However, this does not apply to conversion graphs. Explore different sets of data that call for a range of intervals on the vertical axis. Children can decide what intervals to use by looking at the greatest and lowest values and using an appropriate scale.",baseline,Year 5_9-10_Spring__Statistics_1_Draw line graphs,year-5__9-10__spring__blank__statistics__1__draw-line-graphs,3,3,Year 5_9-10_Spring__Statistics_1_Draw line graphs_recommendation_3,xpGfvClXhX0,How Do You Construct a Line Graph? | KS2 Maths Concept for Kids,How Do You Construct a Line Graph? | KS2 Maths Concept for Kids,Twinkl_Educational_Publishing,00:04:46,00:04:46,0.7194,90.0,75.0,0.7632,"The video effectively focuses on constructing line graphs, specifically using time as the horizontal axis, which aligns well with the target curriculum objective. It provides clear instructions on labeling axes, choosing appropriate scales, and plotting data, making it suitable for learners aged 9-10. However, it could enhance its alignment by explicitly discussing the use of dashed lines for uncertainty in values between points, as mentioned in the objective description.","The transcript provides a clear and structured explanation of how to construct a line graph, focusing on the essential concepts of labeling axes and plotting points. However, the language could be simplified further for 9-10 year olds, and while it includes some engagement prompts, more interactive elements could enhance student involvement.",cb33e2e768571eb1e315a4a2ee5f059ccb971c5c
