channel_id,channel_name,playlist_id,playlist_name
UCbqEXI9663Pk-3EUavHR_eQ,Primary School Made Easy,PL7zbDCD-ODRtMrI1P_R6iyo6JjKakA6Kj,Year Four Maths
UCbqEXI9663Pk-3EUavHR_eQ,Primary School Made Easy,PL7zbDCD-ODRuS76mrHgeP644Tac27Fp-u,Year Two Maths
UCbqEXI9663Pk-3EUavHR_eQ,Primary School Made Easy,PL7zbDCD-ODRvI90q2ZQ6m54Wyn0NaK2Cj,Year 5 Maths
UCbqEXI9663Pk-3EUavHR_eQ,Primary School Made Easy,PL7zbDCD-ODRtkLyWz3SugjvgeY-IwVmU2,Year Three Maths
UCbqEXI9663Pk-3EUavHR_eQ,Primary School Made Easy,PL7zbDCD-ODRsI2V6QH6pRRXtQCuSurM9A,KS1 Maths
UCbqEXI9663Pk-3EUavHR_eQ,Primary School Made Easy,PL7zbDCD-ODRt37NZuTsKJRReb0WFB9usQ,Understanding Decimals
UCbqEXI9663Pk-3EUavHR_eQ,Primary School Made Easy,PL7zbDCD-ODRvyAsOkxAlCZujEV8F5S4iF,Silly Sentences
UCbqEXI9663Pk-3EUavHR_eQ,Primary School Made Easy,PL7zbDCD-ODRs05ate3b-rfyRedQe0tB3Q,Dyscalculia / Dyslexic Maths
UCbqEXI9663Pk-3EUavHR_eQ,Primary School Made Easy,PL7zbDCD-ODRv547Vyk1gMyMBKYbbr7im5,Year One Maths
UCbqEXI9663Pk-3EUavHR_eQ,Primary School Made Easy,PL7zbDCD-ODRsW0UeljMma3a528Z82lIBW,Psychology for Education
UCbqEXI9663Pk-3EUavHR_eQ,Primary School Made Easy,PL7zbDCD-ODRtRomi-j5mtJsfUIDqigNAC,Soft C and G | Sounds Like | Silent Letters | Dyslexia Videos | Quick Phonics | Unit 11
UCbqEXI9663Pk-3EUavHR_eQ,Primary School Made Easy,PL7zbDCD-ODRsIbyTmqpY3uYkV6LZh25tc,Word Endings | Dyslexia Videos | Quick Phonics | Unit Ten
UCbqEXI9663Pk-3EUavHR_eQ,Primary School Made Easy,PL7zbDCD-ODRv40BI-MqE80YTFIiUpxP2b,Vowel Blends Many Sounds | Dyslexia Videos | Quick Phonics | Unit Nine
UCbqEXI9663Pk-3EUavHR_eQ,Primary School Made Easy,PL7zbDCD-ODRvlmgpDQbjllp0YuOZiqfrl,R Controlled Vowels | Dyslexia Videos | Quick Phonics | Unit Eight
UCbqEXI9663Pk-3EUavHR_eQ,Primary School Made Easy,PL7zbDCD-ODRtiO9bhvvRLdNYuRTrQizCf,Magic 'e'
UCbqEXI9663Pk-3EUavHR_eQ,Primary School Made Easy,PL7zbDCD-ODRuzUoiB2hpkJw-eWfwV6uKj,One Sound Vowel Blends | Dyslexia Videos | Quick Phonics | Unit Six
UCbqEXI9663Pk-3EUavHR_eQ,Primary School Made Easy,PL7zbDCD-ODRtf0-z7N-G4y3fbZqAPHdTv,End of Word Consonant Blends | Final Blends | Dyslexia Videos | Quick Phonics | Unit Five
UCbqEXI9663Pk-3EUavHR_eQ,Primary School Made Easy,PL7zbDCD-ODRsPjWlpdB4xV7Rg94wmUqmO,Beginning of Words Consonant Blends | Initial Blends | Dyslexia Videos | Quick Phonics | Unit Four
UCbqEXI9663Pk-3EUavHR_eQ,Primary School Made Easy,PL7zbDCD-ODRtEZEPalQYlHMTLoQbCIRZZ,The Most Common Consonant Blends | Common Blends | Dyslexia Videos | Quick Phonics | Unit Three
UCbqEXI9663Pk-3EUavHR_eQ,Primary School Made Easy,PL7zbDCD-ODRu4oUshJCqQupE2Vu544lph,CVC Words | Three Letter Words | Blending Sounds | b d Confusion | Dyslexia Videos | Quick Phonics | Unit Two
UCbqEXI9663Pk-3EUavHR_eQ,Primary School Made Easy,PL7zbDCD-ODRteH5woi-tAOtfUPyifE-Of,Alphabet Sounds | Letter Sounds | Vowels and Consonants | Dyslexia Videos | Quick Phonics | Unit One
UCbqEXI9663Pk-3EUavHR_eQ,Primary School Made Easy,PL7zbDCD-ODRvUcsNaUJ6-DIqMCtbJKXIy,Quick Phonics - Reading Program from Primary School Made Easy
UCbqEXI9663Pk-3EUavHR_eQ,Primary School Made Easy,PL7zbDCD-ODRuc6GqL_I4Es3_l29_RVuIO,Fractions for Year 6
UCbqEXI9663Pk-3EUavHR_eQ,Primary School Made Easy,PL7zbDCD-ODRvzszRhHjB2FDqitGon3HaF,Year One Fractions
UCbqEXI9663Pk-3EUavHR_eQ,Primary School Made Easy,PL7zbDCD-ODRsZZrClxx8AmMt1ZsiHXI1C,Music Lesson Plans
UCbqEXI9663Pk-3EUavHR_eQ,Primary School Made Easy,PL7zbDCD-ODRs0Xc7HudpBlqAG9Z_bATTz,Fractions for Kids
UCbqEXI9663Pk-3EUavHR_eQ,Primary School Made Easy,PL7zbDCD-ODRutvLSMCrF7cKVw6kpH3wvy,Number Bonds Mastery
UCbqEXI9663Pk-3EUavHR_eQ,Primary School Made Easy,PL7zbDCD-ODRu7iwF_CuMN2xwUz15xj5vm,Music Theory Grade 1 Made Easy for Kids
UCbqEXI9663Pk-3EUavHR_eQ,Primary School Made Easy,PL7zbDCD-ODRvudJBXQfWiry11FaOZXheq,Times Tables for Kids
UCbqEXI9663Pk-3EUavHR_eQ,Primary School Made Easy,PL7zbDCD-ODRuVVZVoCe_HRKV-qQAjEiiH,Phonics for Kids
UCbqEXI9663Pk-3EUavHR_eQ,Primary School Made Easy,PL7zbDCD-ODRsQKqqvfmpOqDKi9PfuHkW1,High Frequency Words UK
