video_id,video_title,channel
dR0ozGTZkb8,Percentages and Ratios - Solving Percentage Problems With Ratios,Miacademy_&_MiaPrep_Learning_Channel
etPtVPhmce4,Equivalent Ratios - Simplifying and Using Ratio Tables,Miacademy_&_MiaPrep_Learning_Channel
zTq-CK0pIQw,Surface Area of Cylinders - Using Nets and Formulas,Miacademy_&_MiaPrep_Learning_Channel
FyOZ_20fp-E,Parallel Lines and Transversals - Solving for Angle Measures,Miacademy_&_MiaPrep_Learning_Channel
0QkteLvPRRI,Surds Introduction - GCSE Maths,JED_Maths
-vVzsdTgeZM,Surface Area of Spheres - Real-World Geometry,Miacademy_&_MiaPrep_Learning_Channel
eGTL1FhG89E,Similar Triangles Part 1 - Triangle Similarity Theorems,Miacademy_&_MiaPrep_Learning_Channel
0C3VM_gljnU,Copying and Bisecting Angles - Geometry Construction Skills,Miacademy_&_MiaPrep_Learning_Channel
zs9Ag_sCl30,Composite Functions - How to Define and Evaluate Composite Functions,Miacademy_&_MiaPrep_Learning_Channel
yZCWakf3Usk,Performing Reflections Part 2 - More Practice With Reflections,Miacademy_&_MiaPrep_Learning_Channel
iO7MAxHLqYk,REPEATED ADDITION 3+3+3+3_Relate Multiplication & Addition_3RD Grade #multiply #mathbymsramirez,📚Colorful_Learning-with_Ms._Ramirez📚
ZEgiY60QLkA,TIMES TABLE  #2 ForKids (Multiplication Tables) #memorize  #multiplication #mathbymsramirez,📚Colorful_Learning-with_Ms._Ramirez📚
Xgh2HcmWo4w,Place Value: Number Line to 1000 Video - Maths Concepts,Twinkl_Teaches_KS2_
oLsf05YcbPs,Money: Calculating Change (part-part-whole),Primary_Maths_Lab
u28SZdypnVQ,"Polygons - Naming Polygons, Regular and Irregular Polygons",Miacademy_&_MiaPrep_Learning_Channel
4thRKrH4-JE,Adding and Subtracting Fractions - How To Add and Subtract Fractions With Common Denominators,Miacademy_&_MiaPrep_Learning_Channel
EjyVTEALoeo,Triangles - Naming Triangles and Missing Angle Measurements,Miacademy_&_MiaPrep_Learning_Channel
k1XrN1hkIfQ,Subtracting Integers Part 2 - Using Number Lines and Opposites,Miacademy_&_MiaPrep_Learning_Channel
4CGpDNuK_4s,Multiplying Integers - Rules and Practice for Positive and Negative Products,Miacademy_&_MiaPrep_Learning_Channel
-OcSIJGnni4,Is It Proportional? - Identifying the Constant of Proportionality,Miacademy_&_MiaPrep_Learning_Channel
bi9tpg9pLPw,Introduction to Rates - What Are Rates and How to Use Them,Miacademy_&_MiaPrep_Learning_Channel
AfBYtwInKVE,"Multiple Representations of Proportional Relationships - Tables, Graphs, and Equations",Miacademy_&_MiaPrep_Learning_Channel
