video_id,video_title,channel,source_step,source_step_name,source_position,status,privacy_status,embeddable,upload_status,api_title
6pcCKSXYBgs,"5th Grade Math 4.5, Word Problem Solving, Multiply Money Using Bar Models",JoAnn's_School,Year 10_14-15_Spring_Foundation_Non-calculator methods_8_Solve multi-step problems,Solve multi-step problems,current_2,embedding_disabled,public,False,processed,"5th Grade Math 4.5, Word Problem Solving, Multiply Money Using Bar Models"
c2OmnZiyVs0,"Algebra II 15.1a, Fundamental Counting Principle",JoAnn's_School,Year 10_14-15_Spring_Higher_Probability_3_List and count outcomes,List and count outcomes,current_2,embedding_disabled,public,False,processed,"Algebra II 15.1a, Fundamental Counting Principle"
hd_L3N7FqCk,Parallel vectors  and collinear points,Maths_With_Ease,Year 10_14-15_Summer_Higher_Vectors_8_Parallel vectors,Parallel vectors,current_2,embedding_disabled,public,False,processed,Parallel vectors  and collinear points
wYMTT9o-3Z4,"8th Grade Math 4.4a, Distinguish Between Proportional & Nonproportional Situations Using a Graph",JoAnn's_School,Year 11_15-16_Autumn_Foundation_Ratio and proportion_8_Direct inverse proportion graphs (E),Direct inverse proportion graphs (E),current_3,embedding_disabled,public,False,processed,"8th Grade Math 4.4a, Distinguish Between Proportional & Nonproportional Situations Using a Graph"
fZzuwbusPN0,"8th Grade Math 3.1b, Representing Proportional Relationships with Equations, y=kx",JoAnn's_School,Year 11_15-16_Autumn_Higher_Ratio and proportion_5_Direct proportion equations,Direct proportion equations,current_1,embedding_disabled,public,False,processed,"8th Grade Math 3.1b, Representing Proportional Relationships with Equations, y=kx"
Gp3BCbRZ_qc,"Grade 1 Math 2.8, Take apart numbers (to subtract)",JoAnn's_School,Year 1_5-6_Autumn__Addition and subtraction within 10_14_Subtraction – take away/cross out (How many left?),Subtraction – take away/cross out (How many left?),current_2,embedding_disabled,public,False,processed,"Grade 1 Math 2.8, Take apart numbers (to subtract)"
8HpfhU253Kc,"Kindergarten Math 5.2, Addition: Put Together",JoAnn's_School,Year 1_5-6_Autumn__Addition and subtraction within 10_8_Addition – add together,Addition – add together,current_2,embedding_disabled,public,False,processed,"Kindergarten Math 5.2, Addition: Put Together"
MSVHWKz87uE,"Kindergarten Math 2.1, Same Number",JoAnn's_School,Year 1_5-6_Autumn__Place value within 10_10_Compare groups by matching,Compare groups by matching,current_3,embedding_disabled,public,False,processed,"Kindergarten Math 2.1, Same Number"
8xHGAFc-MQI,"Kindergarten Math 4.7, Compare Two Numbers",JoAnn's_School,Year 1_5-6_Autumn__Place value within 10_13_Compare numbers,Compare numbers,current_1,embedding_disabled,public,False,processed,"Kindergarten Math 4.7, Compare Two Numbers"
ao-7qtzzRKY,"Kindergarten Math 4.4, Count and Order to 10",JoAnn's_School,Year 1_5-6_Autumn__Place value within 10_14_Order objects and numbers,Order objects and numbers,current_2,embedding_disabled,public,False,processed,"Kindergarten Math 4.4, Count and Order to 10"
wNan9xRbes0,"Kindergarten Math 12.2, Classify and Count by Shape",JoAnn's_School,Year 1_5-6_Autumn__Shape_4_Sort 2-D shapes,Sort 2-D shapes,current_3,embedding_disabled,public,False,processed,"Kindergarten Math 12.2, Classify and Count by Shape"
h4mygAc6w9Q,"2nd Grade Math 3.6, Practice Subtraction Facts",JoAnn's_School,Year 1_5-6_Spring__Addition and subtraction within 20_8_Subtraction – finding the difference,Subtraction – finding the difference,current_3,embedding_disabled,public,False,processed,"2nd Grade Math 3.6, Practice Subtraction Facts"
feXM4p2EVzA,"Grade 1 Math 5.2, Record/Write Related Facts (Fact families)",JoAnn's_School,Year 1_5-6_Spring__Addition and subtraction within 20_9_Related facts,Related facts,current_2,embedding_disabled,public,False,processed,"Grade 1 Math 5.2, Record/Write Related Facts (Fact families)"
-Bizo8Y9fpc,"Grade 1 Math 9.4, Make a non-standard measuring tool",JoAnn's_School,Year 1_5-6_Spring__Length and height_2_Measure length using objects,Measure length using objects,current_3,embedding_disabled,public,False,processed,"Grade 1 Math 9.4, Make a non-standard measuring tool"
-wULi2o_oVw,"Kindergarten Math 8.3, Count and Order to 20",JoAnn's_School,Year 1_5-6_Spring__Place value within 20_12_Order numbers to 20,Order numbers to 20,current_1,embedding_disabled,public,False,processed,"Kindergarten Math 8.3, Count and Order to 20"
O0gkB-NOWgw,"Kindergarten Math 7.9, Model and Count 18 and 19",JoAnn's_School,"Year 1_5-6_Spring__Place value within 20_5_Understand 17, 18 and 19","Understand 17, 18 and 19",current_1,embedding_disabled,public,False,processed,"Kindergarten Math 7.9, Model and Count 18 and 19"
7qdCsfYSUOc,"Kindergarten Math 8.1, Model and Count 20",JoAnn's_School,Year 1_5-6_Spring__Place value within 20_6_Understand 20,Understand 20,current_3,embedding_disabled,public,False,processed,"Kindergarten Math 8.1, Model and Count 20"
s-UJCWu1kW0,"Kindergarten Math 8.5, Count to 50 by Ones",JoAnn's_School,Year 1_5-6_Spring__Place value within 50_1_Count to 50,Count to 50,current_1,embedding_disabled,public,False,processed,"Kindergarten Math 8.5, Count to 50 by Ones"
pjdHT0W-WIw,"Kindergarten Math 8.8, Count by Tens",JoAnn's_School,Year 1_5-6_Spring__Place value within 50_3_Count by making groups of tens,Count by making groups of tens,current_2,embedding_disabled,public,False,processed,"Kindergarten Math 8.8, Count by Tens"
I0e6iH3oSRU,"Grade 1 Math 6.6, Tens and ones to 50",JoAnn's_School,Year 1_5-6_Spring__Place value within 50_4_Groups of tens and ones,Groups of tens and ones,current_3,embedding_disabled,public,False,processed,"Grade 1 Math 6.6, Tens and ones to 50"
Ld6yeV_4ksE,"Grade 1 Math 12.9, Halves",JoAnn's_School,Year 1_5-6_Summer__Fractions_1_Recognise a half of an object or a shape,Recognise a half of an object or a shape,current_3,embedding_disabled,public,False,processed,"Grade 1 Math 12.9, Halves"
79LZHxCMlWI,"Grade 1 Math 12.10a, Fourths",JoAnn's_School,Year 1_5-6_Summer__Fractions_5_Recognise a quarter of an object or a shape,Recognise a quarter of an object or a shape,current_2,embedding_disabled,public,False,processed,"Grade 1 Math 12.10a, Fourths"
BEp9b5ZBrTE,"2nd Grade Math 3.10 PART 2, Word Problem Solving, Equal Groups & Skip-Counting",JoAnn's_School,Year 1_5-6_Summer__Multiplication and division_1_Count in 2s,Count in 2s,current_3,embedding_disabled,public,False,processed,"2nd Grade Math 3.10 PART 2, Word Problem Solving, Equal Groups & Skip-Counting"
Hb0BmXTYhlo,"2nd Grade Math 3.11, Repeated Addition of Equal Groups",JoAnn's_School,Year 1_5-6_Summer__Multiplication and division_5_Add equal groups,Add equal groups,current_1,embedding_disabled,public,False,processed,"2nd Grade Math 3.11, Repeated Addition of Equal Groups"
zWTRlPEHeBo,"Kindergarten Math 8.6, Count to 100 by Ones",JoAnn's_School,Year 1_5-6_Summer__Place value within 100_1_Count from 50 to 100,Count from 50 to 100,current_1,embedding_disabled,public,False,processed,"Kindergarten Math 8.6, Count to 100 by Ones"
2ozndTtc0dE,"2nd Grade Math 1.8, Counting Patterns Within 100",JoAnn's_School,Year 1_5-6_Summer__Place value within 100_1_Count from 50 to 100,Count from 50 to 100,current_3,embedding_disabled,public,False,processed,"2nd Grade Math 1.8, Counting Patterns Within 100"
zyCrmYVcz0o,"Grade 1 Math 7.2, Less than",JoAnn's_School,Year 1_5-6_Summer__Place value within 100_6_Compare numbers with the same number of tens,Compare numbers with the same number of tens,current_3,embedding_disabled,public,False,processed,"Grade 1 Math 7.2, Less than"
cuH0AWf4j50,"2nd Grade Math 5.6, Practice 2-digit Subtraction with Regrouping",JoAnn's_School,Year 2_6-7_Autumn__Addition and subtraction_18_Subtract two 2-digit numbers (across a 10),Subtract two 2-digit numbers (across a 10),current_3,embedding_disabled,public,False,processed,"2nd Grade Math 5.6, Practice 2-digit Subtraction with Regrouping"
LgXR20Ch2F8,"Kindergarten Math 6.7, Addition and Subtraction, Word Problems and Number Sentences",JoAnn's_School,Year 2_6-7_Autumn__Addition and subtraction_19_Mixed addition and subtraction,Mixed addition and subtraction,current_2,embedding_disabled,public,False,processed,"Kindergarten Math 6.7, Addition and Subtraction, Word Problems and Number Sentences"
1XG_7qn19bw,"Grade 1 Math 8.1, Add & subtract within 20",JoAnn's_School,Year 2_6-7_Autumn__Addition and subtraction_3_Related facts,Related facts,current_2,embedding_disabled,public,False,processed,"Grade 1 Math 8.1, Add & subtract within 20"
1rDI7MuM1ow,"Grade 1 Math 8.5, Use models to Add (two-digit numbers)",JoAnn's_School,Year 2_6-7_Autumn__Addition and subtraction_5_Add and subtract 1s,Add and subtract 1s,current_2,embedding_disabled,public,False,processed,"Grade 1 Math 8.5, Use models to Add (two-digit numbers)"
FFJWN0B5ggQ,"Grade 1 Math 8.6, Make ten to add (2 digits to 1 digit)",JoAnn's_School,Year 2_6-7_Autumn__Addition and subtraction_9_Add across a 10,Add across a 10,current_3,embedding_disabled,public,False,processed,"Grade 1 Math 8.6, Make ten to add (2 digits to 1 digit)"
tT3ui_UwmvA,"2nd Grade Math 1.5, Different Ways To Write Numbers, Word Form & Expanded Form",JoAnn's_School,Year 2_6-7_Autumn__Place value_6_Write numbers to 100 in words,Write numbers to 100 in words,current_2,embedding_disabled,public,False,processed,"2nd Grade Math 1.5, Different Ways To Write Numbers, Word Form & Expanded Form"
gDqZCtkbJ0w,"2nd Grade Math 2.7, Different Forms of Numbers, Digits, Number Names, Expanded Form",JoAnn's_School,Year 2_6-7_Autumn__Place value_6_Write numbers to 100 in words,Write numbers to 100 in words,current_3,embedding_disabled,public,False,processed,"2nd Grade Math 2.7, Different Forms of Numbers, Digits, Number Names, Expanded Form"
cL4_iHavEPs,Expanded Form   1 More & 1 Less,susan_dyson,Year 2_6-7_Autumn__Place value_8_Write numbers to 100 in expanded form,Write numbers to 100 in expanded form,current_2,embedding_disabled,public,False,processed,Expanded Form   1 More & 1 Less
LCmZoDhp9g8,"Kindergarten Math 9.6, Describe Triangles",JoAnn's_School,Year 2_6-7_Autumn__Shape_3_Count vertices on 2-D shapes,Count vertices on 2-D shapes,current_3,embedding_disabled,public,False,processed,"Kindergarten Math 9.6, Describe Triangles"
SPnIINMnj5Y,"Kindergarten Math 10.7, Model Shapes",JoAnn's_School,Year 2_6-7_Autumn__Shape_4_Draw 2-D shapes,Draw 2-D shapes,current_1,embedding_disabled,public,False,processed,"Kindergarten Math 10.7, Model Shapes"
SyqSh5IwxkM,"Grade 1 Math 12.2, Describe two-dimensional shapes  (attributes)",JoAnn's_School,Year 2_6-7_Autumn__Shape_7_Sort 2-D shapes,Sort 2-D shapes,current_3,embedding_disabled,public,False,processed,"Grade 1 Math 12.2, Describe two-dimensional shapes  (attributes)"
UQ62SftjiyU,"Kindergarten Math 11.1, Compare Lengths",JoAnn's_School,Year 2_6-7_Spring__Length and height_3_Compare lengths and heights,Compare lengths and heights,current_3,embedding_disabled,public,False,processed,"Kindergarten Math 11.1, Compare Lengths"
cSx2oYYVy7Q,Skip Counting by 5 | Multiplication Fundamentals | Teacher Ira,Teacher_Ira,Year 2_6-7_Spring__Multiplication and division_15_The 5 times-table,The 5 times-table,current_1,embedding_disabled,public,False,processed,Skip Counting by 5 | Multiplication Fundamentals | Teacher Ira
Yscd1EVN3GI,"Grade 1 Math 12.8, Equal or unequal parts",JoAnn's_School,Year 2_6-7_Summer__Fractions_2_Equal and unequal parts,Equal and unequal parts,current_2,embedding_disabled,public,False,processed,"Grade 1 Math 12.8, Equal or unequal parts"
XMy0guvTNXI,"Grade 1 Math 10.5, Read Tally Charts",JoAnn's_School,Year 2_6-7_Summer__Statistics_1_Make tally charts,Make tally charts,current_2,embedding_disabled,public,False,processed,"Grade 1 Math 10.5, Read Tally Charts"
O0J1sYEt5qQ,"Grade 2 Math 7.3 (7.8 Go Math!), Time to the hour & half-hour",JoAnn's_School,Year 2_6-7_Summer__Time_7_Hours in a day,Hours in a day,current_3,embedding_disabled,public,False,processed,"Grade 2 Math 7.3 (7.8 Go Math!), Time to the hour & half-hour"
v3hpKkWpDlg,"2nd Grade Math 2.9, Count On and Back by 10 and 100",JoAnn's_School,Year 3_7-8_Autumn__Addition and subtraction_10_Make connections,Make connections,current_1,embedding_disabled,public,False,processed,"2nd Grade Math 2.9, Count On and Back by 10 and 100"
84iFm_uOhpc,"2nd Grade Math 6.3, 3-digit Addition, Regroup Ones",JoAnn's_School,Year 3_7-8_Autumn__Addition and subtraction_6_Add 1s across a 10,Add 1s across a 10,current_1,embedding_disabled,public,False,processed,"2nd Grade Math 6.3, 3-digit Addition, Regroup Ones"
I21Bf3z5h4g,"2nd Grade Math 6.5, 3-digit Addition, Regroup Ones and Tens",JoAnn's_School,Year 3_7-8_Autumn__Addition and subtraction_6_Add 1s across a 10,Add 1s across a 10,current_2,embedding_disabled,public,False,processed,"2nd Grade Math 6.5, 3-digit Addition, Regroup Ones and Tens"
RE5Bn8yq8J8,"2nd Grade Math 2.1, Group Tens as Hundreds",JoAnn's_School,Year 3_7-8_Autumn__Place value_4_Hundreds,Hundreds,current_2,embedding_disabled,public,False,processed,"2nd Grade Math 2.1, Group Tens as Hundreds"
OlAapWjpbZc,"2nd Grade Math 2.4, Hundreds, Tens, Ones. Writing 3-digits from base-ten blocks.",JoAnn's_School,"Year 3_7-8_Autumn__Place value_8_Hundreds, tens and ones","Hundreds, tens and ones",current_1,embedding_disabled,public,False,processed,"2nd Grade Math 2.4, Hundreds, Tens, Ones. Writing 3-digits from base-ten blocks."
gMr9OoLdMow,"2nd Grade Math 2.3, Model 3-Digit Numbers",JoAnn's_School,"Year 3_7-8_Autumn__Place value_8_Hundreds, tens and ones","Hundreds, tens and ones",current_2,embedding_disabled,public,False,processed,"2nd Grade Math 2.3, Model 3-Digit Numbers"
r4iZK2WBV3s,"Grade 1 Math 10.4, Make Bar Graphs",JoAnn's_School,Year 3_7-8_Summer__Statistics_4_Draw bar charts,Draw bar charts,current_2,embedding_disabled,public,False,processed,"Grade 1 Math 10.4, Make Bar Graphs"
3HxI3iwQ7E8,"2nd Grade Math 7.11, A.M. and P.M.",JoAnn's_School,Year 3_7-8_Summer__Time_5_Use am and pm,Use am and pm,current_2,embedding_disabled,public,False,processed,"2nd Grade Math 7.11, A.M. and P.M."
Ro_ufrK0Ok8,"2nd Grade Math 5.8, Add to Find Differences (Mental math)",JoAnn's_School,Year 4_8-9_Autumn__Addition and subtraction_8_Efficient subtraction,Efficient subtraction,current_3,embedding_disabled,public,False,processed,"2nd Grade Math 5.8, Add to Find Differences (Mental math)"
CKhTsEBoYbQ,"3rd Grade Math 11.1, Model Perimeter",JoAnn's_School,Year 4_8-9_Spring__Length and perimeter_3_Perimeter on a grid,Perimeter on a grid,current_2,embedding_disabled,public,False,processed,"3rd Grade Math 11.1, Model Perimeter"
vkuxGE4apaQ,"2nd Grade Math 7.7, Word Problem Solving, Money",JoAnn's_School,Year 4_8-9_Summer__Money_6_Solve problems with money,Solve problems with money,current_3,embedding_disabled,public,False,processed,"2nd Grade Math 7.7, Word Problem Solving, Money"
oslylIwv6aE,"2nd Grade Math 5.11, Solve Multi-step Word Problems",JoAnn's_School,Year 5_9-10_Autumn__Addition and subtraction_6_Multi-step addition and subtraction problems,Multi-step addition and subtraction problems,current_3,embedding_disabled,public,False,processed,"2nd Grade Math 5.11, Solve Multi-step Word Problems"
fsDmyyXggG8,"2nd Grade Math 5.9, Word Problem Solving, 2-Digit Subtraction (Bar Models)",JoAnn's_School,Year 5_9-10_Autumn__Addition and subtraction_7_Compare calculations,Compare calculations,current_1,embedding_disabled,public,False,processed,"2nd Grade Math 5.9, Word Problem Solving, 2-Digit Subtraction (Bar Models)"
eqkK4kLfNzw,"2nd Grade Math 3.8, Use Drawings to Represent Problems, Bar Models",JoAnn's_School,Year 5_9-10_Autumn__Addition and subtraction_7_Compare calculations,Compare calculations,current_2,embedding_disabled,public,False,processed,"2nd Grade Math 3.8, Use Drawings to Represent Problems, Bar Models"
TUm03V5Iufo,Year 5   Maths Day 3   Multiplying non unit fractions,Charlton_Primary_School,Year 5_9-10_Spring__Fractions B_2_Multiply a non-unit fraction by an integer,Multiply a non-unit fraction by an integer,current_3,embedding_disabled,public,False,processed,Year 5   Maths Day 3   Multiplying non unit fractions
Bii5uVEsjpU,"Mental Math Tricks, Multiply by Breaking Apart a Factor",JoAnn's_School,Year 5_9-10_Spring__Multiplication and division B_6_Solve problems with multiplication,Solve problems with multiplication,current_2,embedding_disabled,public,False,processed,"Mental Math Tricks, Multiply by Breaking Apart a Factor"
WVcDtCYLqI4,"8th Grade Math 6.1a, Understanding Relationships as Input and Output, Functions",JoAnn's_School,Year 6_10-11_Spring__Algebra_1_1-step function machines,1-step function machines,current_2,embedding_disabled,public,False,processed,"8th Grade Math 6.1a, Understanding Relationships as Input and Output, Functions"
TFQDFd4pGU8,"Kindergarten Math 9.12, Problem Solving, Draw to Join Shapes",JoAnn's_School,Year 6_10-11_Summer__Shape_10_Draw shapes accurately,Draw shapes accurately,current_3,embedding_disabled,public,False,processed,"Kindergarten Math 9.12, Problem Solving, Draw to Join Shapes"
1hKnZHTJPY8,Horizontal and Vertical Lines | Equation of line parallel to x axis or y axis,Math_Simplified_-_Harsha_Jeshnani,Year 8_12-13_Autumn__Coordinates and graphs_2_Lines parallel to the axes,Lines parallel to the axes,current_3,embedding_disabled,public,False,processed,Horizontal and Vertical Lines | Equation of line parallel to x axis or y axis
bAZTx-aNGUY,"8th Grade Math 6.4c, Functions, Sketching a Graph for a Situation",JoAnn's_School,Year 9_13-14_Autumn__Rates_3_Flow problems and their graphs,Flow problems and their graphs,current_1,embedding_disabled,public,False,processed,"8th Grade Math 6.4c, Functions, Sketching a Graph for a Situation"
