year,term,block,difficulty,topic,sub_topic,small_step_num_in_topic,small_step_name,ss_wr_desc_extracted,source_pdf_path,source_pdf_name,source_pdf_hash,extraction_confidence,match_method,is_duplicate_candidate,needs_manual_review,review_notes,small_step_id,small_step_key,topic_normalized
Year 7,Summer,1,,Time,Speed distance and time,1,"Convert between milliseconds, seconds, minutes and hours","In this small step, students explore how ratio is used to represent multiplicative relationships between two or more values, and they are introduced to the colon in the context of a ratio. Highlight that a ratio is a comparison of two or more parts of a whole. Begin by using sentences, for example “For every 2 squares, there are 3 circles”, before writing this as a formal ratio. Emphasise the importance of the order of the terms within ratio notation. For example, if the ratio of red counters to yellow counters is 3 : 4, the ratio of yellow counters to red counters is 4 : 3. Bar models are a useful representation to emphasise the equal parts of a ratio. As their confidence develops, students can work with ratios that compare three or more quantities, for example 3 : 4 : 1 Misconceptions and common errors • Students may use additive rather than multiplicative relationships to make comparisons, for example “There are two more blue counters than red counters.” • Students may confuse the order of a ratio, for example writing 2 : 5 rather than 5 : 2 Year 8 | Autumn term | Block 1 – Ratio | Step 1 National Curriculum links • Use ratio notation, including reduction to simplest form • Understand that a multiplicative relationship between two quantities can be expressed as a ratio or a fraction Mathematical talk • What is the purpose of ratio? • Why is the order important in ratio notation? • What does a colon mean in the context of ratio? • What ratios are represented? • How are 2 : 1 and 1 : 2 different? • What does 1 : 1 mean? • Can a ratio compare more than two quantities? Explain how you know. • How is a ratio different from a fraction? • For every , there are This can be written as : • In the ratio : , the first number represents and the second number represents Notes and guidance provide an overview of the content of the step, and ideas for teaching, along with advice on progression and where a topic fits within the curriculum. Mathematical talk provides key questions, discussion points and possible sentence stems that can be used to develop students’ mathematical vocabulary and reasoning skills, digging deeper into the content. Misconceptions and common errors are highlighted, as well as areas that may require additional support. National Curriculum links to indicate the objective(s) being addressed by the step.",WR_PDF/Year 7/y7_summer_backfill/WRE Maths v3 Y7 SUM B1 SOL - Speed distance and time .pdf,WRE Maths v3 Y7 SUM B1 SOL - Speed distance and time .pdf,,medium,,False,False,,,,time
Year 7,Summer,1,,Time,Speed distance and time,2,"Convert between hours, days, months and years","In this small step, students convert between different units of time and extend this to fractional amounts of time. Remind students of common facts, such as 1 minute = 60 seconds and 1 2 hour = 30 minutes. Bar models are a useful representation to highlight the calculations necessary to complete conversions. Once students are confident converting between minutes, hours and seconds, explore conversions between seconds and milliseconds, highlighting the fact that 1 second = 1000 milliseconds. Students could be introduced to functions on a calculator to help convert units of time. Misconceptions and common errors • Students may use the wrong operation to complete a conversion, for example multiplying by 60 rather than dividing, or vice versa. • Students may assume that all time conversions involve multiplying or dividing by 60 • Students may misinterpret the hours as decimals, for example 2.25 hours = 2 hours 25 minutes, rather than 2 hours 15 minutes. Year 7 | Summer term | Block 1 – Speed, distance and time | Step 1 National Curriculum links • Use standard units of mass, length, time, money and other measures, including with decimal quantities • Change freely between related standard units [for example, time, length, area, volume/capacity, mass] Mathematical talk • How many minutes are there in 1/2/4.5 hour(s)? • How many hours are there in 90/150 minutes? • Is the same type of calculation used to convert 3 hours to minutes and to convert 3 minutes to seconds? Explain how you know. • Does 1.35 hours equal 1 hour and 35 minutes? Explain how you know. • What is the same and what is different about converting hours to minutes and minutes to seconds? • Which is longer, 2500 milliseconds or 2 seconds? How do you know? • Why might milliseconds be important in a swimming or running race?",WR_PDF/Year 7/y7_summer_backfill/WRE Maths v3 Y7 SUM B1 SOL - Speed distance and time .pdf,WRE Maths v3 Y7 SUM B1 SOL - Speed distance and time .pdf,,medium,,False,False,,,,time
Year 7,Summer,1,,Time,Speed distance and time,3,Solve problems with tables and timetables,"In this small step, students build on the previous step to convert between different units of time. Students may already be familiar with some conversion facts from Key Stage 2, such as 1 day = 24 hours and 1 year = 12 months. As with the previous step, bar models are a useful representation to highlight the calculations necessary to complete the conversions. Students could use conversion facts to solve problems in context, for example working out the daily cost of a project based on the number of hours. Calculators could be used throughout this step to support students and reduce cognitive load. Misconceptions and common errors • Students may use the wrong operation to complete a conversion, for example multiplying by 24 rather than dividing, or vice versa. • Students may assume that all time conversions involve multiplying or dividing by 60 Year 7 | Summer term | Block 1 – Speed, distance and time | Step 2 National Curriculum links • Use standard units of mass, length, time, money and other measures, including with decimal quantities • Change freely between related standard units [for example, time, length, area, volume/capacity, mass] Mathematical talk • How many hours are there in 1 day? • How could you work out the number of hours in 3 days? • How many months are there in 1 year? • How could you work out the number of months in 8 years? • If someone sleeps 8 hours each night, how many hours do they sleep in a week? • Are all months the same length? How does this affect your calculations when working out how many days there are in 3 months? • Are there exactly 365 days in 1 year? Explain how you know. • When might years not be a useful unit to measure time?",WR_PDF/Year 7/y7_summer_backfill/WRE Maths v3 Y7 SUM B1 SOL - Speed distance and time .pdf,WRE Maths v3 Y7 SUM B1 SOL - Speed distance and time .pdf,,medium,,False,False,,,,time
Year 7,Summer,1,,Time,Speed distance and time,4,Solve problems with time and the calendar,"In this small step, students interpret information from tables and timetables. Before introducing timetables, ensure that students can calculate with time, for example working out the elapsed time between 9:55 am and 11:17 am. If appropriate, number lines could be used to model these calculations. Students also interpret information from two-way tables. Once they can interpret tables and timetables, introduce more complex problems, for example calculating the total distance of a multi-part journey using information represented in a table. Misconceptions and common errors • Students may make errors when calculating with time. For example, when finding the difference between 2:25 pm and 5:15 pm, they may find the difference between the hours and minutes separately, getting the answer 3 hours 10 minutes, rather than considering how time passes on a clock. Year 7 | Summer term | Block 1 – Speed, distance and time | Step 3 National Curriculum links • Use standard units of mass, length, time, money and other measures, including with decimal quantities • Construct and interpret appropriate tables, charts, and diagrams, including frequency tables, bar charts, pie charts, and pictograms for categorical data, and vertical line (or bar) charts for ungrouped and grouped numerical data Mathematical talk • What is the total value of each row? • What is the total value of each column? • Describe what each cell in the table represents. • How long will it take to travel from to ? • What is the distance between and ? • Are there any patterns in the table? Describe any patterns you can see. • Which two cells could you compare to find the shortest route/ travel time/distance? • When is a two-way table a useful representation? Explain your answer. • Is there another way to represent the information? Explain your answer.",WR_PDF/Year 7/y7_summer_backfill/WRE Maths v3 Y7 SUM B1 SOL - Speed distance and time .pdf,WRE Maths v3 Y7 SUM B1 SOL - Speed distance and time .pdf,,medium,,False,False,,,,time
Year 7,Summer,1,,Time,Speed distance and time,5,Calculate speed,"In this small step, students explore and interpret calendars. Remind students of key facts, such as which months have 30 or 31 days, which month has 28 or 29 days and approximately how many weeks there are in a year. Encourage efficient strategies for using a calendar, for example counting complete rows or using known facts about weeks and days to work out the time between two dates. Draw attention to how public holidays can affect planning. Presenting problems in everyday contexts, such as planning an event, working out term dates or counting days until a birthday, can help students to see the practical importance of understanding calendars and managing time effectively. Misconceptions and common errors • Some students may assume that all months have the same number of days. • Students may assume that there are exactly 4 weeks in a month. • Students may forget that February can have 28 or 29 days, depending on whether it is a leap year. • Students may be confused over whether to include both the start and end dates. Year 7 | Summer term | Block 1 – Speed, distance and time | Step 4 National Curriculum links • Construct and interpret appropriate tables, charts, and diagrams, including frequency tables, bar charts, pie charts, and pictograms for categorical data, and vertical line (or bar) charts for ungrouped and grouped numerical data Mathematical talk • How many days are there in the month of ? • How many Saturdays are there in the month of this year? • Does every month always have four Mondays? Explain how you know. • How would you work out the date 2 weeks after 27 May? • How would you work out the date 2 weeks after 27 June? • Are there exactly 365 days in a year? Explain how you know. • How could you check whether a year is a leap year? • How could you work out how many school days are left in this term?",WR_PDF/Year 7/y7_summer_backfill/WRE Maths v3 Y7 SUM B1 SOL - Speed distance and time .pdf,WRE Maths v3 Y7 SUM B1 SOL - Speed distance and time .pdf,,medium,,False,False,,,,time
Year 7,Summer,1,,Time,Speed distance and time,6,Calculate time and distance,"In this small step, students explore the relationship between speed, distance and time, with the emphasis on understanding the meaning of speed, rather than using a formula. Highlight the meaning of compound units used to denote speed, for example 40 mph for “40 miles travelled for every hour”, as this emphasises the meaning of “per” and why speed is described as a rate. Representations such as double number lines, bar models and ratio tables can be useful to highlight direct proportional relationships when calculating speed. Discuss why contextual problems use the term “average speed”, rather than “speed”. Misconceptions and common errors • Some students may calculate speed incorrectly, for example dividing time by distance rather than distance by time. • Students may incorrectly convert time into decimals, for example calculating 2 hours 30 minutes as 2.3 instead of 2.5 • Students may forget to convert between units, for example using miles and minutes instead of miles and hours. • Students may forget to state the units or use incorrect units. Year 7 | Summer term | Block 1 – Speed, distance and time | Step 5 National Curriculum links • Use standard units of mass, length, time, money and other measures, including with decimal quantities • Use compound units such as speed, unit pricing and density to solve problems Mathematical talk • If a car travels at 30 mph, how far will it travel in 1 hour? How far will the car travel in 2 hours/30 minutes/10 minutes? • What information do you need to calculate the average speed? • Why is speed known as a compound measure? • Which is faster, 10 km/h or 10 mph? Explain how you know. • If a speed is given in mph, what are the units of the distance and what are the units of the time? • Why is the term “average speed” used instead of just “speed”? • What is the formula to calculate speed? • Explain how to convert 2 hours and 15 minutes into hours.",WR_PDF/Year 7/y7_summer_backfill/WRE Maths v3 Y7 SUM B1 SOL - Speed distance and time .pdf,WRE Maths v3 Y7 SUM B1 SOL - Speed distance and time .pdf,,medium,,False,False,,,,time
Year 7,Summer,1,,Time,Speed distance and time,7,"Solve problems with speed, distance and time","In this small step, students build on their learning on speed, calculating the time taken or the distance travelled. Start by exploring time and distance separately, to develop confidence and to allow opportunities to address misconceptions or common errors that may arise. Visual representations such as bar models, double number lines and ratio tables could be used to explore the relationships between speed, distance and time. Students should work with a range of contexts, where they need to select appropriate strategies and calculations to solve problems accurately and efficiently. Misconceptions and common errors • Students may convert times incorrectly, for example writing 1.3 hours as 1 hour 30 minutes. • Students may incorrectly interpret recurring decimals, for example 2.3˙ hours as 2.3 hours or 2 hours 18 minutes, rather than 2 hours 20 minutes. • Students may forget to state the unit of their answer or use incorrect units. Year 7 | Summer term | Block 1 – Speed, distance and time | Step 6 National Curriculum links • Use standard units of mass, length, time, money and other measures, including with decimal quantities • Use compound units such as speed, unit pricing and density to solve problems Mathematical talk • What does “average speed” mean? • If the speed is given in miles per hour, what are the units of the distance and the units of the time? • Explain how you could write 2.4 hours in hours and minutes. • If the speed of a car remains the same and the distance covered doubles, what effect does this have on the time taken? • If the speed of a car remains the same and the time taken doubles, what effect does this have on the distance covered? • When might a vehicle not travel at a constant speed? How would that affect your calculation? • In what everyday situations might you need to work out average speed?",WR_PDF/Year 7/y7_summer_backfill/WRE Maths v3 Y7 SUM B1 SOL - Speed distance and time .pdf,WRE Maths v3 Y7 SUM B1 SOL - Speed distance and time .pdf,,medium,,False,False,,,,time
Year 7,Summer,1,,Time,Speed distance and time,8,Interpret distance-time graphs,"In this small step, students solve problems involving speed, distance and time, building on and consolidating their understanding from the previous steps. Where appropriate, start with problems that have integer answers to build confidence before exploring more complex problems. Encourage students to focus on understanding the context of a problem by looking at the units given. For example, a speed in mph can be calculated by dividing the number of miles (distance) by the time. Students can also be introduced to formulae, such as speed = distance time , and practise substituting values into the formula. Encourage the use of calculators throughout to support accuracy. Misconceptions and common errors • Students may use an incorrect operation to solve a problem, such as calculating speed ÷ time to work out distance. • Students may incorrectly convert units of time, for example converting 3 hours 15 minutes to 3.15 hours. • Students may assume that time is always in hours when it may be given in minutes or seconds. • Students may forget to convert between units, for example using miles and minutes instead of miles and hours. Year 7 | Summer term | Block 1 – Speed, distance and time | Step 7 National Curriculum links • Use standard units of mass, length, time, money and other measures, including with decimal quantities • Use compound units such as speed, unit pricing and density to solve problems Mathematical talk • How many minutes are there in 1.25 hours? • How many hours and minutes are there in 2.4 hours? • What fraction of an hour is 45 minutes? What is this as a decimal? • What does “constant speed” mean? • If you know the speed and the distance, how can you work out the time taken? • If you know the average speed and time taken, how can you work out the total distance travelled? • If you know the time taken and the distance, how can you work out the average speed?",WR_PDF/Year 7/y7_summer_backfill/WRE Maths v3 Y7 SUM B1 SOL - Speed distance and time .pdf,WRE Maths v3 Y7 SUM B1 SOL - Speed distance and time .pdf,,medium,,False,False,,,,time
Year 7,Summer,1,,Time,Speed distance and time,9,Draw distance-time graphs,"In this small step, students interpret journeys represented on distance–time graphs. Explain that the horizontal axis of a distance–time graph represents time and the vertical axis represents distance. Highlight the key features of distance–time graphs, such as diagonal line segments indicating motion and horizontal line segments representing when an object is stationary. Students should also understand that when a graph begins and ends at the horizontal axis, the journey represented is a return journey. Ensure that distance–time graphs are presented with different scales, for example altering the number of intervals used on the time axis so that 1 unit represents 20 minutes rather than 30 minutes. Misconceptions and common errors • Students may assume that a horizontal line means that an object is moving at a constant speed. • Students may misinterpret the scale of one axis/both axes. • Students may interpret a line segment with a negative gradient as representing a downhill journey. Year 7 | Summer term | Block 1 – Speed, distance and time | Step 8 National Curriculum links • Use compound units such as speed, unit pricing and density to solve problems • Model situations or procedures by translating them into algebraic expressions or formulae and by using graphs • Interpret mathematical relationships both algebraically and graphically Mathematical talk • What does the horizontal axis on a distance–time graph show? • What does a horizontal line segment represent? • Why is it important to include units on both the distance and the time axes? • How do you know when a distance–time graph represents a return journey? • Is the total distance travelled on a distance–time graph always the highest value the graph reaches on the vertical axis? Explain how you know. • What does a diagonal line on a distance–time graph tell you about the speed of a journey? • Which part(s) of the graph show when was moving? • Which part(s) of the graph show when was stationary?",WR_PDF/Year 7/y7_summer_backfill/WRE Maths v3 Y7 SUM B1 SOL - Speed distance and time .pdf,WRE Maths v3 Y7 SUM B1 SOL - Speed distance and time .pdf,,medium,,False,False,,,,time
Year 7,Summer,1,,Time,Speed distance and time,10,Calculate speed from a distance-time graph  E,"In this small step, students build on their understanding from the previous step to draw distance–time graphs. Remind students of the key features of a distance–time graph, such as diagonal line segments indicating motion and horizontal lines representing when an object is stationary. Students may need support to interpret some scales. For example, if a time of 1 hour is split into six equal intervals, each interval represents one-sixth of an hour or 10 minutes. Provide students with partially complete distance–time graphs and ensure that they understand how return journeys and non-return journeys differ on a distance–time graph. Misconceptions and common errors • Students may misinterpret or use inconsistent scales on one axis/both axes. • Students may mix the axes up, putting time on the vertical axis and distance on the horizontal axis. • Students may forget to include a horizontal line segment to represent a rest or break. • Students may only draw the outward journey and not the return journey. Year 7 | Summer term | Block 1 – Speed, distance and time | Step 9 National Curriculum links • Use compound units such as speed, unit pricing and density to solve problems • Model situations or procedures by translating them into algebraic expressions or formulae and by using graphs • Interpret mathematical relationships both algebraically and graphically Mathematical talk • How do you represent moving at a constant speed on a distance–time graph? • How do you represent a stationary part of a journey on a distance–time graph? • Why is it important to use an equal scale on both axes when drawing the graph? • What is the same and what is different about how return journeys and non-return journeys are represented on distance–time graphs? • Is it possible to have a vertical line on a distance–time graph? Explain your answer. • How can you check if the graph that you have drawn matches the journey described in words?",WR_PDF/Year 7/y7_summer_backfill/WRE Maths v3 Y7 SUM B1 SOL - Speed distance and time .pdf,WRE Maths v3 Y7 SUM B1 SOL - Speed distance and time .pdf,,medium,,False,False,,,,time
Year 7,Summer,2,,Properties of,Properties of numbers,1,Multiples,"In this small step, students identify and list multiples, building on their understanding from Key Stage 2 It is beneficial to link multiples to students’ existing knowledge of times-tables. Emphasise that a multiple of a number is the result of multiplying that number by an integer. For example, 5, 7.5 and 10 are all multiples of 2.5. However, 2.5 is not a multiple of 2. These examples can help students to understand that multiples can also come from non-integer values. Once they are confident, students should use division to check if a number is a multiple of another. If appropriate, challenge students to apply their knowledge of multiples to algebraic expressions, enabling them to determine if expressions are multiples of a value. Misconceptions and common errors • Students may confuse factors and multiples. • Students may believe that multiples cannot take non-integer values. • Students may assume that algebraic expressions cannot represent multiples. For example, 6x represents multiples of 6 for all integer values of x. Year 7 | Summer term | Block 2 – Properties of numbers | Step 1 Mathematical talk • What are the multiples of 11? • Is it possible to have multiples of 1.5? Explain how you know. • Is it possible to have multiples of 1 3? Explain how you know. • Can a negative value be a multiple of a number? Explain your answer. • Explain why 4.5 is not a multiple of 3 • Explain a method that you can use to determine if one number is a multiple of another. (for example, if 456 is a multiple of 3) • Explain why 8x will represent multiples of 4 for all positive integer values of x. National Curriculum links • Use the concepts and vocabulary of prime numbers, factors (or divisors), multiples, common factors, common multiples, highest common factor, lowest common multiple, prime factorisation, including using product notation and the unique factorisation property",WR_PDF/Year 7/y7_summer_backfill/WRE Maths v3 Y7 SUM B2 SOL - Properties of numbers.pdf,WRE Maths v3 Y7 SUM B2 SOL - Properties of numbers.pdf,,high,,False,False,,,,properties of
Year 7,Summer,2,,Properties of,Properties of numbers,2,Factors,"In this small step, students list and identify factors of numbers, building on their Key Stage 2 understanding. Remind students that a factor is an integer that divides into another integer exactly, leaving no remainder. To support understanding, using arrays may help them to visualise factor pairs. Encourage students to apply systematic listing strategies to ensure that no factors are missed. When finding the factors of greater values, such as 450, prompt them to use division to determine whether one number is a factor of another, reinforcing the connection to multiples from the previous step. If appropriate, challenge students to explore algebraic factors in terms and expressions. Misconceptions and common errors • Students may confuse factors and multiples. • Students may write non-integer values as factors of a number, for example writing 7.5 as a factor of 15 • Students may forget to include 1 and the number itself when identifying factors. • Students may not recognise that an expression may have an algebraic factor. For example, x is a factor of 5x. Year 7 | Summer term | Block 2 – Properties of numbers | Step 2 National Curriculum links • Use the concepts and vocabulary of prime numbers, factors (or divisors), multiples, common factors, common multiples, highest common factor, lowest common multiple, prime factorisation, including using product notation and the unique factorisation property • Simplify and manipulate algebraic expressions to maintain equivalence by: collecting like terms; multiplying a single term over a bracket; taking out common factors; expanding products of two or more binomials Mathematical talk • Explain the difference between a factor of a number and a multiple of a number. • Can a number be both a factor and a multiple? Explain how you know. • Can zero be a factor of a number? Explain how you know. • What method can you use to determine if one number is a factor of another? • How do you know that you have identified all the factors when listing the factors of a number? • Explain why 3 is not a factor of 10 • Can negative numbers be factors of positive numbers? Explain how you know.",WR_PDF/Year 7/y7_summer_backfill/WRE Maths v3 Y7 SUM B2 SOL - Properties of numbers.pdf,WRE Maths v3 Y7 SUM B2 SOL - Properties of numbers.pdf,,high,,False,False,,,,properties of
Year 7,Summer,2,,Properties of,Properties of numbers,3,Prime numbers,"In this small step, students recognise and identify prime numbers. Highlight that a prime number is an integer greater than 1 with exactly two distinct factors, 1 and itself. Remind students that the first prime number is 2, not 1. Encourage the use of division strategies to check for factors other than 1 and the number itself. Link this to times-table knowledge: if a number appears in any times-table other than 1 and itself, it is not prime. Emphasise that 2 is the only even prime number and explore why this is the case. Discuss strategies for spotting divisibility, for example numbers ending in 0, 2, 4, 6 or 8 are divisible by 2 and therefore not prime. If appropriate, students can apply their understanding to algebraic expressions, determining whether they could represent prime numbers. Misconceptions and common errors • Students may assume that all odd numbers are prime. • Students may think that 1 is a prime number. • Students may think that 2 is not a prime number. • Students may confuse factors and multiples when determining if a number is prime. Year 7 | Summer term | Block 2 – Properties of numbers | Step 3 National Curriculum links • Use the concepts and vocabulary of prime numbers, factors (or divisors), multiples, common factors, common multiples, highest common factor, lowest common multiple, prime factorisation, including using product notation and the unique factorisation property Mathematical talk • Describe how you know if a number is prime. • Which number is the only even prime number? Explain how you know. • Are all odd numbers prime? Explain how you know. • When you add two prime numbers together, do they always give an even number? Explain your answer. • Can two prime numbers be added together to give another prime number? Explain how you know. • Is it possible to tell that a number is not prime just by looking at its digits? • Explain why 1 is not a prime number.",WR_PDF/Year 7/y7_summer_backfill/WRE Maths v3 Y7 SUM B2 SOL - Properties of numbers.pdf,WRE Maths v3 Y7 SUM B2 SOL - Properties of numbers.pdf,,high,,False,False,,,,properties of
Year 7,Summer,2,,Properties of,Properties of numbers,4,Write a number as a product of prime factors,"In this small step, students write numbers as a product of their prime factors. Discuss how all non-prime positive integers can be expressed as a product of prime factors, and that this product is unique for each number. Writing answers in index form is not a requirement at this stage, but it can be introduced if appropriate. Highlight key vocabulary such as “express” and “product”, explaining how these terms indicate how the answer should be written. Introduce the term “prime factor decomposition” as another way to describe this process. Begin with numbers that have two or three prime factors and encourage students to use prime factor trees to organise their work, circling prime numbers as they go. This helps them to clearly identify the prime factors and write the number as a product. Misconceptions and common errors • Students may include non-prime numbers as factors, for example 54 = 2 × 3 × 9 • Students may think that a number is prime because it is odd and so stop the factor tree prematurely. • Students may not write the prime factors as a product, but instead list them or write them as a sum. Year 7 | Summer term | Block 2 – Properties of numbers | Step 4 Mathematical talk • What is a prime number? • What is a factor? • How can you write as a product of its prime factors? • When writing a number as a product of its prime factors, does the order of the factors matter? Explain how you know. • Explain why every number has a unique product of prime factors. • Is there more than one way to express a number as a product of its prime factors? Explain how you know. • How can you check that you have correctly written a number as a product of its prime factors? National Curriculum links • Use the concepts and vocabulary of prime numbers, factors (or divisors), multiples, common factors, common multiples, highest common factor, lowest common multiple, prime factorisation, including using product notation and the unique factorisation property",WR_PDF/Year 7/y7_summer_backfill/WRE Maths v3 Y7 SUM B2 SOL - Properties of numbers.pdf,WRE Maths v3 Y7 SUM B2 SOL - Properties of numbers.pdf,,high,,False,False,,,,properties of
Year 7,Summer,2,,Properties of,Properties of numbers,5,"Square, cube and triangular numbers","In this small step, students develop understanding of square, cube and triangular numbers, exploring numerical patterns and relationships. Start by using manipulatives such as counters or cubes to demonstrate how these numbers can be formed, for example showing that square numbers can be arranged to create a perfect square using counters. Once students understand the visual representations, they can progress to drawing the patterns and extending them to greater values. Encourage students to investigate interesting relationships, such as the fact that the sum of two consecutive triangular numbers results in a square number. Misconceptions and common errors • Students may confuse square, cube and triangular numbers. • Students may assume that square, cube or triangular numbers increase proportionally, for example if the 3rd square number is 9, then the 6th square number must be 18 • Students may use manipulatives incorrectly, for example using 8 counters to make a square with a gap in the middle, leading them to think that 8 is a square number. Year 7 | Summer term | Block 2 – Properties of numbers | Step 5 National Curriculum links • Use integer powers and associated real roots (square, cube and higher), recognise powers of 2, 3, 4, 5 and distinguish between exact representations of roots and their decimal approximations Mathematical talk • How do you calculate a square number? • How do you calculate a cube number? • Describe the term-to-term rule for triangular numbers. • What is the 16th square number? Explain how you know. • Can a number be both a square number and a triangular number? Explain how you know. • Why do square numbers always have an odd number of factors? • Can triangular numbers be odd or even? Explain how you know. • Give an example of a square number that is not greater than the number being squared. • Is it possible to build 33 using interlocking cubes? • What do you notice about how cube numbers grow?",WR_PDF/Year 7/y7_summer_backfill/WRE Maths v3 Y7 SUM B2 SOL - Properties of numbers.pdf,WRE Maths v3 Y7 SUM B2 SOL - Properties of numbers.pdf,,high,,False,False,,,,properties of
Year 7,Summer,2,,Properties of,Properties of numbers,6,Square roots and cube roots,"In this small step, students build on their understanding of square and cube numbers and calculate their roots. Start with numbers that have integer square or cube roots, before working with numbers that do not have integer roots. Calculators should be used to find square and cube roots of numbers that do not result in integers. Highlight that negative numbers cannot be square-rooted, as squaring any number (positive or negative) always gives a positive result. Encourage students to explore why negative numbers can be cube-rooted. Misconceptions and common errors • Students may divide a number by 2 to calculate its square root or by 3 to calculate its cube root. • Students may not recognise that square-/cube-rooting is the inverse of squaring/cubing. • Students may believe that all square roots and cube roots are integers. • Students may forget that both positive and negative roots exist. Year 7 | Summer term | Block 2 – Properties of numbers | Step 6 National Curriculum links • Use integer powers and associated real roots (square, cube and higher), recognise powers of 2, 3, 4, 5 and distinguish between exact representations of roots and their decimal approximations Mathematical talk • What is the square root of ? Explain how you know. • What is the cube root of ? Explain how you know. • If n = 5, what is the value of n? Explain how you know. • Explain why a negative number cannot be square-rooted, but a negative number can be cube-rooted. • Between which two whole numbers does 20 lie? Explain how you know. • Explain why 36 = 6, but 36 3 is not a whole number. • What is the same and what is different about 64 and 64 3 ? • Can a number have more than one cube root? Explain how you know. • Can a number have more than one square root? Explain how you know.",WR_PDF/Year 7/y7_summer_backfill/WRE Maths v3 Y7 SUM B2 SOL - Properties of numbers.pdf,WRE Maths v3 Y7 SUM B2 SOL - Properties of numbers.pdf,,high,,False,False,,,,properties of
Year 7,Summer,2,,Properties of,Properties of numbers,7,Explore higher powers and roots  E,"In this extend step, students build on their understanding of powers and roots by exploring powers higher than cubes and their corresponding roots. Encourage discussion around equivalent calculations, for example recognising that 24 = 2 × 2 × 2 × 2, before working out the value. Model how to use a calculator to input higher powers and roots, reminding students to use brackets when entering calculations involving negative numbers. Emphasise that raising a negative number to an odd power results in a negative answer, while an even power results in a positive answer. Ensure that students understand that finding a root is the inverse of raising a number to a power. Misconceptions and common errors • Students may divide the number by the degree of the root instead of finding the root itself, for example working out 256 ÷ 8 instead of finding the 8th root of 256 • Students may confuse the base with the power, for example reading 43 as “3 to the power of 4” or thinking that it is equivalent to 34 • Students may multiply the number by the power directly, rather than multiplying the number by itself repeatedly, for example interpreting 34 as 3 × 4 instead of 3 × 3 × 3 × 3 Year 7 | Summer term | Block 2 – Properties of numbers | Step 7 National Curriculum links • Use integer powers and associated real roots (square, cube and higher), recognise powers of 2, 3, 4, 5 and distinguish between exact representations of roots and their decimal approximations Mathematical talk • What calculation is equivalent to 35? • What is the same and what is different about 64 and 64 6 ? • Explain why the value of (−3)4 is positive but (−3)5 is negative. • Why should brackets be used when raising a negative value to a power? • Which value is greater, 26 or 62? Explain how you know. • If 34 = 81, what is the 4th root of 81? Explain how you know. • What is the same and what is different about (−5)4 and −54? • Is the root of a number always smaller than the original number? Explain how you know. E",WR_PDF/Year 7/y7_summer_backfill/WRE Maths v3 Y7 SUM B2 SOL - Properties of numbers.pdf,WRE Maths v3 Y7 SUM B2 SOL - Properties of numbers.pdf,,high,,False,False,,,,properties of
Year 7,Summer,2,,Properties of,Properties of numbers,8,Highest common factor (HCF),"In this small step, students build on their understanding of factors to find the highest common factor (HCF) of two or more numbers. Start by asking students to identify and list the factors of each number, emphasising the meaning of “common” in this context. They should highlight all the common factors before selecting the greatest one. Emphasise that while a prime number has only two factors, it can still have an HCF with another number and that the HCF of a pair of numbers can be 1. Once students are confident, introduce word problems involving everyday contexts and challenges involving three or more numbers. Misconceptions and common errors • Students may confuse the highest common factor and lowest common multiple. • Students may find a common factor that is not the highest common factor. • Students may not list all the factors of a number. • Students may believe that prime numbers have no common factors with other numbers. • Students may believe that 1 cannot be the highest common factor of a pair of numbers. Year 7 | Summer term | Block 2 – Properties of numbers | Step 8 Mathematical talk • What are the factors of ? • What does “common factor” mean? • What are the common factors of and ? • How do you know when you have found the highest common factor of two numbers? • What do you notice about the highest common factor of two numbers when one is a multiple of the other? • Can two numbers have a highest common factor of 1? Explain how you know. • Can two numbers have more than one highest common factor? Explain how you know. • Can two odd numbers have an even highest common factor? Explain how you know. National Curriculum links • Use the concepts and vocabulary of prime numbers, factors (or divisors), multiples, common factors, common multiples, highest common factor, lowest common multiple, prime factorisation, including using product notation and the unique factorisation property",WR_PDF/Year 7/y7_summer_backfill/WRE Maths v3 Y7 SUM B2 SOL - Properties of numbers.pdf,WRE Maths v3 Y7 SUM B2 SOL - Properties of numbers.pdf,,high,,False,False,,,,properties of
Year 7,Summer,2,,Properties of,Properties of numbers,9,Lowest common multiple (LCM),"In this small step, students develop their understanding of multiples to find the lowest common multiple (LCM) of two or more numbers. Encourage a systematic approach when listing multiples, and discuss with students that, while multiples are infinite, they only need to list enough to identify a common one. Prompt them to highlight any common multiples before identifying the lowest common multiple. Once confident, students can progress to word problems and examples involving more than two numbers. Discuss the difference between the highest common factor and the lowest common multiple, helping students to understand when each one is used. Misconceptions and common errors • Students may confuse the highest common factor and the lowest common multiple. • Students may assume that the product of the two numbers is the lowest common multiple, for example that 36 is the lowest common multiple of 3 and 12 • Students may incorrectly list the multiples of two numbers. Year 7 | Summer term | Block 2 – Properties of numbers | Step 9 Mathematical talk • List the first ten multiples of • What are some common multiples of and ? • What is the lowest common multiple of and ? • Explain why the product of two numbers will be a common multiple of the numbers. • When is the lowest common multiple of two numbers not the same as their product? • Do all pairs of numbers have a lowest common multiple? Explain how you know. • Can the lowest common multiple of two numbers ever be the same as one of the numbers? Explain how you know. • Is it possible to work out the highest common multiple? Explain how you know. National Curriculum links • Use the concepts and vocabulary of prime numbers, factors (or divisors), multiples, common factors, common multiples, highest common factor, lowest common multiple, prime factorisation, including using product notation and the unique factorisation property",WR_PDF/Year 7/y7_summer_backfill/WRE Maths v3 Y7 SUM B2 SOL - Properties of numbers.pdf,WRE Maths v3 Y7 SUM B2 SOL - Properties of numbers.pdf,,high,,False,False,,,,properties of
Year 7,Summer,2,,Properties of,Properties of numbers,10,HCF and LCM from a Venn diagram  E,"In this extend step, students build on previous learning to use Venn diagrams to find the highest common factor (HCF) and lowest common multiple (LCM). Ensure that students are confident in expressing numbers as a product of their prime factors before introducing this method. Model how to represent the prime factors of two numbers in a Venn diagram, emphasising that the intersection shows the shared prime factors. Explain that multiplying the numbers in the intersection gives the highest common factor, while multiplying all the numbers in the Venn diagram gives the lowest common multiple. Misconceptions and common errors • Students may confuse which factors are multiplied to calculate the highest common factor or the lowest common multiple. • Students may duplicate prime factors in the Venn diagrams when they appear in both numbers. • Students may not understand that if there are no common prime factors in the intersection, then the highest common factor is 1 Year 7 | Summer term | Block 2 – Properties of numbers | Step 10 Mathematical talk • Express as a product of its prime factors. • Where in the Venn diagram do you write the common prime factors? • How do you calculate the highest common factor from a Venn diagram? • How do you calculate the lowest common multiple from a Venn diagram? • Explain why multiplying all the prime factors in the Venn diagram gives the lowest common multiple. • If two numbers have no common prime factors, what does the intersection of the Venn diagram contain? What does this tell you about their highest common factor? • What is the highest common factor when there are no common prime factors in the intersection of the Venn diagram? E National Curriculum links • Use the concepts and vocabulary of prime numbers, factors (or divisors), multiples, common factors, common multiples, highest common factor, lowest common multiple, prime factorisation, including using product notation and the unique factorisation property",WR_PDF/Year 7/y7_summer_backfill/WRE Maths v3 Y7 SUM B2 SOL - Properties of numbers.pdf,WRE Maths v3 Y7 SUM B2 SOL - Properties of numbers.pdf,,high,,False,False,,,,properties of
Year 7,Summer,2,,Properties of,Properties of numbers,11,Use factors to simplify calculations  E,"In this extend step, students develop flexibility in representing numbers by expressing them as a product of factors to simplify calculations. Encourage students to rewrite numbers in ways that make mental or written methods more efficient. For example, in the calculation 16 × 50, students could express 16 as 4 × 4 and 50 as 25 × 2, recognising that 4 × 25 = 100 and so simplifying the calculation to 100 × 4 × 2. Discuss the commutative property of multiplication, showing how reordering factors can make calculations easier. The focus is not on prime factorisation but on selecting factor groupings that simplify the process, helping students to develop efficient strategies for working without a calculator. Misconceptions and common errors • Students may write a value as a product of its prime factors, without considering how other representations may be more efficient. • Students may attempt to calculate the products in the order they are given, rather than looking for useful factor pairs that simplify the calculation, such as numbers that multiply to make 10 or 100 Year 7 | Summer term | Block 2 – Properties of numbers | Step 11 Mathematical talk • What are some useful factors of a number to identify? • Why is it useful to identify pairs of factors that multiply to give 10 or 100? • Write as a product of its factors. • Is writing a value as a product of its prime factors always the most efficient method? Explain how you know. • How many different ways can you express as a product of its factors? • Which product of factors is the most efficient for the calculation? Explain how you know. • Explain why multiplying the factors in any order still gives the same answer. E National Curriculum links • Use the concepts and vocabulary of prime numbers, factors (or divisors), multiples, common factors, common multiples, highest common factor, lowest common multiple, prime factorisation, including using product notation and the unique factorisation property",WR_PDF/Year 7/y7_summer_backfill/WRE Maths v3 Y7 SUM B2 SOL - Properties of numbers.pdf,WRE Maths v3 Y7 SUM B2 SOL - Properties of numbers.pdf,,high,,False,False,,,,properties of
Year 7,Summer,3,,Fractions,Add and subtract fractions,1,Simplify fractions,"In this small step, students build on their understanding of simplifying fractions from Key Stage 2 Students apply understanding of common factors to simplify fractions and recognise when a fraction is already in its simplest form. It may be necessary to revisit factors explicitly to support students who find this step challenging. Emphasise that a fraction is fully simplified when the numerator and denominator share no common factors. Encourage students to simplify in a single step, but also model how fractions can be simplified in multiple steps. Highlight useful strategies, such as noticing when both the numerator and denominator are even, to provide accessible starting points for simplification, before moving on to higher common factors. Misconceptions and common errors • Students may not notice a common factor when the numerator and denominator are not even. • Students may only partially simplify a fraction. • Students may cancel digits rather than factors, for example simplifying 24 32 to 4 3 by “crossing out 2s”. Year 7 | Summer term | Block 3 – Add and subtract fractions | Step 1 National Curriculum links • Use the concepts and vocabulary of prime numbers, factors (or divisors), multiples, common factors, common multiples, highest common factor, lowest common multiple, prime factorisation, including using product notation and the unique factorisation property Mathematical talk • Is the fraction fully simplified? Explain how you know. • What is a common factor of the numerator and the denominator? • Are the numerator and denominator even? How does this help you to decide a potential first step? • Can a fraction be simplified if it contains a prime number? Explain how you know. • How do you simplify the fraction in more than one step? Can you simplify the fraction in one step? • Can a simplified fraction contain a decimal? Explain your answer. • Which is the highest common factor of and ?",WR_PDF/Year 7/y7_summer_backfill/WRE Maths v3 Y7 SUM B3 SOL Add and subtract fractions.pdf,WRE Maths v3 Y7 SUM B3 SOL Add and subtract fractions.pdf,,high,,False,False,,,,fractions
Year 7,Summer,3,,Fractions,Add and subtract fractions,2,Convert between mixed numbers and improper fractions,"In this small step, students convert between mixed numbers and improper fractions. Ensure that students understand the difference between a mixed number and an improper fraction. Remind them that a mixed number shows the whole number and a separate fractional part, while an improper fraction expresses the same quantity as a single fraction based on the denominator, with both forms representing values greater than 1. Visual models, such as bar models and number lines, are effective tools for demonstrating the conversion process, as they highlight the total number of wholes alongside the remaining fractional part. Where appropriate, challenge students to generalise a method for conversion, for example a b c = ac + b c . Misconceptions and common errors • Students may believe that a fraction cannot be greater than 1, as fractions represent part of a whole. • When converting a mixed number to an improper fraction, students may multiply the whole by the numerator and add the denominator, for example 2 2 5 = 9 5 Year 7 | Summer term | Block 3 – Add and subtract fractions | Step 2 National Curriculum links • Use the four operations, including formal written methods, applied to integers, decimals, proper and improper fractions, and mixed numbers, all both positive and negative Mathematical talk • What is a mixed number? • What is an improper fraction? • How can a mixed number be expressed as an improper fraction? • Can you draw a bar model to represent the information? Explain your model. • How many wholes are there in 15 4 ? Explain how you know. What is the remaining fraction? How do you write 15 4 as a mixed number? • How many thirds are there in 2 wholes? Explain how you know. • Is 12 8 greater than 1? Explain how you know. • Is there an equivalent mixed number for every improper fraction? Explain your answer.",WR_PDF/Year 7/y7_summer_backfill/WRE Maths v3 Y7 SUM B3 SOL Add and subtract fractions.pdf,WRE Maths v3 Y7 SUM B3 SOL Add and subtract fractions.pdf,,high,,False,False,,,,fractions
Year 7,Summer,3,,Fractions,Add and subtract fractions,3,Add and subtract fractions with the same denominator,"In this small step, students add and subtract fractions with the same denominator, revisiting learning from Key Stage 2 Start by reinforcing the fundamental idea that a fraction represents equal parts, with the denominator indicating how many equal parts the whole is divided into. Bar models provide an effective visual representation, as they can be used to show the total number of equal parts when adding fractions, or the remaining parts when subtracting. Using bar models alongside abstract calculations helps to strengthen students’ conceptual understanding. Students should also work with non-unit fractions and mixed numbers. Misconceptions and common errors • Students may add the denominators as well as the numerators. • Students may add when they should subtract the fractions. • Students may not convert a mixed number to an improper fraction before performing a calculation, leading to an incorrect answer. Year 7 | Summer term | Block 3 – Add and subtract fractions | Step 3 National Curriculum links • Use the four operations, including formal written methods, applied to integers, decimals, proper and improper fractions, and mixed numbers, all both positive and negative Mathematical talk • What fraction remains if you subtract 2 7 from 5 7? • How could you draw a bar model to represent the calculation? • Explain why you do not add/subtract the denominators. • Will the answer be greater than 1 whole? How do you know? • How can you write your answer as a mixed number? • Is it possible to have a negative fraction? Explain your answer. • Can your answer be simplified? Explain how you know. • How many make 1 whole? • How many are there in total?",WR_PDF/Year 7/y7_summer_backfill/WRE Maths v3 Y7 SUM B3 SOL Add and subtract fractions.pdf,WRE Maths v3 Y7 SUM B3 SOL Add and subtract fractions.pdf,,high,,False,False,,,,fractions
Year 7,Summer,3,,Fractions,Add and subtract fractions,4,Add and subtract with fractions and integers,"In this small step, students develop their understanding of adding and subtracting fractions with integers. Start with subtracting a fraction from 1, reinforcing that a whole can be expressed as an equivalent fraction, for example 1 − 2 3 = 3 3 − 2 3. Extend this to wholes greater than 1. When students are confident, introduce a partitioning method, where they partition the integers before subtracting, for example 5 − 3 7 = 4 + 1 − 3 7. Students should also practise adding fractions to whole numbers, using similar approaches. Remind them that improper fractions can be rewritten as mixed numbers, allowing the integer parts to be added together. Bar models are an effective representation for visualising the relationship between wholes and fractional parts. Misconceptions and common errors • When adding, students may not adjust the integer when the fractional part gives an improper fraction, for example 1 3 4 + 2 4 = 2 5 4 • Students may add/subtract the numerator to/from the integer, for example 1 + 3 5 = 4 5 Year 7 | Summer term | Block 3 – Add and subtract fractions | Step 4 Mathematical talk • How can an integer be written in thirds/quarters/fifths? • Is the fraction greater than 1? How do you know? • Can the fraction be written as a mixed number? Explain how you know. • How many wholes are there in total? • Do you always need to write the integer as a fraction before performing the calculation? Explain your answer. • How does partitioning help when subtracting fractions from integers? • Will the answer always be a fraction? Explain your answer. • How can you draw a bar model to represent the calculation? • How many are there in 1 whole? National Curriculum links • Use the four operations, including formal written methods, applied to integers, decimals, proper and improper fractions, and mixed numbers, all both positive and negative",WR_PDF/Year 7/y7_summer_backfill/WRE Maths v3 Y7 SUM B3 SOL Add and subtract fractions.pdf,WRE Maths v3 Y7 SUM B3 SOL Add and subtract fractions.pdf,,high,,False,False,,,,fractions
Year 7,Summer,3,,Fractions,Add and subtract fractions,5,Add and subtract fractions where denominators share a,"In this small step, students build on their understanding of lowest common multiples and their prior work with adding and subtracting fractions that share the same denominator. It is useful to make an explicit connection to the earlier step, extending it to cases where a common denominator must first be found. The focus should be on fractions with denominators that have a simple common multiple, for example 1 3 + 5 6, so that only one fraction needs to be adjusted to find a common denominator. Where appropriate, provide further challenge by including calculations with three fractions, in which one denominator is a multiple of the others. Misconceptions and common errors • Students may not identify that one of the denominators is a multiple of the others and may not use the lowest common multiple when finding equivalent fractions. • Students may add the numerators together and add the denominators together after finding an equivalent fraction. • Students may add the numerators together without finding a common denominator first. Year 7 | Summer term | Block 3 – Add and subtract fractions | Step 5 National Curriculum links • Use the four operations, including formal written methods, applied to integers, decimals, proper and improper fractions, and mixed numbers, all both positive and negative Mathematical talk • Why do you need common denominators to add or subtract fractions? • Which fraction(s) should be adjusted to make the denominators the same? • Why is it important to multiply the numerator and denominator by the same value when calculating an equivalent fraction? • What is an equivalent fraction to ? • Explain why you only add and subtract the numerators when the denominators are the same. • Can you simplify your answer? Explain how you know. • What is the lowest common denominator of and ?",WR_PDF/Year 7/y7_summer_backfill/WRE Maths v3 Y7 SUM B3 SOL Add and subtract fractions.pdf,WRE Maths v3 Y7 SUM B3 SOL Add and subtract fractions.pdf,,high,,False,False,,,,fractions
Year 7,Summer,3,,Fractions,Add and subtract fractions,6,Add and subtract fractions with any denominator,"In this small step, students add and subtract fractions with different denominators by rewriting each fraction as an equivalent fraction with a common denominator. Building on their prior knowledge, students identify a common multiple of the denominators. Discuss that, while any common multiple can be used, the lowest common multiple (LCM) is the most efficient choice. Begin with examples where the product of the denominators is the lowest common multiple, before progressing to cases where students either calculate the lowest common multiple using another method or simplify their final answer if they choose a different common multiple as the denominator. Once secure with two fractions, challenge students by including calculations that involve three fractions. Misconceptions and common errors • Students may incorrectly identify the lowest common multiple of the denominators. • Students may add/subtract the numerators and denominators without using equivalent fractions. Year 7 | Summer term | Block 3 – Add and subtract fractions | Step 6 National Curriculum links • Use the four operations, including formal written methods, applied to integers, decimals, proper and improper fractions, and mixed numbers, all both positive and negative Mathematical talk • Why do you need a common denominator to add or subtract fractions? • Why do you not always multiply the denominators to find their lowest common multiple? • What is the lowest common multiple of and ? Explain how you know. • Why is it more efficient to use the lowest common multiple of the denominators, rather than any common multiple? • How can you rewrite the calculation so that the fractions have the same denominators? • Will the answer be greater than 1? Explain how you know. • Can you simplify your answer? Explain how you know. • How can you write your answer as a mixed number?",WR_PDF/Year 7/y7_summer_backfill/WRE Maths v3 Y7 SUM B3 SOL Add and subtract fractions.pdf,WRE Maths v3 Y7 SUM B3 SOL Add and subtract fractions.pdf,,high,,False,False,,,,fractions
Year 7,Summer,3,,Fractions,Add and subtract fractions,7,Add and subtract improper fractions and mixed numbers,"In this small step, students add and subtract fractions expressed as mixed numbers and improper fractions. It is useful to explore multiple methods for adding and subtracting mixed numbers so that students can choose the most efficient approach. Model the process of rewriting a mixed number as an improper fraction before finding a common denominator. Alternatively, students may apply the partitioning method, working with the integer and fractional parts separately. Challenge students who are confident working with directed number, to complete calculations that include negative fractions, for example −13 4 + 12 5 Misconceptions and common errors • Students may convert a mixed number to an improper fraction incorrectly. • Students may add/subtract the integers and fractions separately without adjusting the overall integer when the fraction is greater than 1 or less than zero, for example 3 4 5 + 2 3 10 = 5 11 10 instead of 6 1 10 Year 7 | Summer term | Block 3 – Add and subtract fractions | Step 7 National Curriculum links • Use the four operations, including formal written methods, applied to integers, decimals, proper and improper fractions, and mixed numbers, all both positive and negative Mathematical talk • How do you convert between mixed numbers and improper fractions? • Explain why the denominators must be the same to add or subtract the fractions. • What is the lowest common multiple of and ? • Is there a more efficient way of performing the calculation? • Is the fractional part greater than 1? How can you rewrite your answer? • Explain how you can use the partitioning method when subtracting mixed numbers. • Is it possible to have a negative fraction? Explain your answer. • Can your answer be written as a mixed number? Explain how you know.",WR_PDF/Year 7/y7_summer_backfill/WRE Maths v3 Y7 SUM B3 SOL Add and subtract fractions.pdf,WRE Maths v3 Y7 SUM B3 SOL Add and subtract fractions.pdf,,high,,False,False,,,,fractions
Year 7,Summer,3,,Fractions,Add and subtract fractions,8,Use equivalence to add and subtract decimals and fractions  E,"In this extend step, students use equivalence to add and subtract fractions and decimals. Start by revisiting prior knowledge of fraction and decimal equivalence to reinforce the necessary skills. Highlight how it is useful for all values to be expressed in the same form before adding or subtracting. Explore examples of converting all numbers to fractions and converting all numbers to decimals, then discuss which method is more efficient, depending on the given calculation. Where appropriate, revisit formal written methods for decimal addition and subtraction to ensure that students are confident in applying them. Misconceptions and common errors • Students may convert fractions to a decimal incorrectly, for example 2 100 = 0.2 • Students may make errors when adding or subtracting decimals by ignoring place value, for example 0.75 − 0.2 = 0.73 Year 7 | Summer term | Block 3 – Add and subtract fractions | Step 8 National Curriculum links • Use the four operations, including formal written methods, applied to integers, decimals, proper and improper fractions, and mixed numbers, all both positive and negative • Work interchangeably with terminating decimals and their corresponding fractions (such as 3.5 and 7 2 or 3.75 and 3 8 ) Mathematical talk • Explain how to convert a fraction to a decimal. • Explain how to convert a decimal to a fraction. • Why must the denominators be equal to add and subtract fractions? • Can all fractions easily be written as decimals? Explain your answer. • Is it more efficient to convert all the values to decimals or fractions? Explain your answer. • If you know that 1 4 = 0.25, how can you use this to convert 1 8 to a decimal? • How could you check your answer? E",WR_PDF/Year 7/y7_summer_backfill/WRE Maths v3 Y7 SUM B3 SOL Add and subtract fractions.pdf,WRE Maths v3 Y7 SUM B3 SOL Add and subtract fractions.pdf,,high,,False,False,,,,fractions
Year 7,Summer,3,,Fractions,Add and subtract fractions,9,Add and subtract simple algebraic fractions  E,"In this extend step, students further develop their understanding of fractions within the context of algebra. Start by comparing the addition of fractional expressions to the addition of fractions in numerical form, keeping examples simple at this introductory stage, rather than using complex multi-term expressions. Provide practice with algebraic fractions that include variables in both numerators and denominators. If necessary, revisit the process of adding and subtracting fractions with different denominators before extending to algebraic cases. Where appropriate, challenge students with equations equal to a whole involving algebraic fractions, for example 3 x + 2 x = 1 Misconceptions and common errors • Students may not make the denominators equal before adding or subtracting the fractions. • Students may struggle to identify common denominators when the denominators are algebraic. • Students may incorrectly convert an expression into a fraction before adding or subtracting, for example x + 3x 4 = x x + 3x 4 Year 7 | Summer term | Block 3 – Add and subtract fractions | Step 9 National Curriculum links • Use the four operations, including formal written methods, applied to integers, decimals, proper and improper fractions, and mixed numbers, all both positive and negative • Use and interpret algebraic notation, including: ab in place of a × b; 3y in place of y + y + y and 3 × y; a2 in place of a × a, a3 in place of a × a × a; a2b in place of a × a × b; a b in place of a ÷ b; coefficients written as fractions rather than as decimals; brackets Mathematical talk • What is meant by “like terms”? • What is the same and what is different about 1 2 + 1 2 and a 2 + a 2 ? • How can you rewrite 3 x + 1 2x with equivalent denominators? • What is the same and what is different about x 4 and 1 4 x? • What does “in terms of m” mean? • Can the fraction be simplified? Explain your answer. • What must the value of y be if 2 y + 5 y = 1? Explain how you know. E",WR_PDF/Year 7/y7_summer_backfill/WRE Maths v3 Y7 SUM B3 SOL Add and subtract fractions.pdf,WRE Maths v3 Y7 SUM B3 SOL Add and subtract fractions.pdf,,high,,False,False,,,,fractions
Year 7,Summer,3,,Fractions,Add and subtract fractions,10,Substitution and solving equations with fractions  E,"In this extend step, students apply their knowledge of adding and subtracting algebraic fractions within algebraic contexts, including substitution and solving equations. Start by focusing on substituting values into a range of algebraic fractional expressions. It may be helpful to revisit substitution in expressions without fractions before extending to those that include them. Similarly, when solving equations, recap methods for one- and two-step equations before introducing fractional terms, to support understanding. Where appropriate, provide additional challenge by including fractions greater than 1 in substitution problems or equations. Misconceptions and common errors • Students may apply the incorrect inverse operation when solving equations. • Students may make errors when substituting into expressions with powers, for example treating p2 as “double p” instead of squaring the value of p. Year 7 | Summer term | Block 3 – Add and subtract fractions | Step 10 National Curriculum links • Use the four operations, including formal written methods, applied to integers, decimals, proper and improper fractions, and mixed numbers, all both positive and negative • Substitute numerical values into formulae and expressions, including scientific formulae • Use algebraic methods to solve linear equations in one variable (including all forms that require rearrangement) Mathematical talk • What is the value of the expression if x = ? • Is it possible to substitute fractions into algebraic expressions? Explain your answer. • What is the inverse of ? • What is a possible first step to solving the equation? • What calculation is equivalent to x2? • Can you collect any like terms before beginning to solve the equation? Explain your answer. • Can the value of an unknown be both negative and fractional? Explain your answer. E",WR_PDF/Year 7/y7_summer_backfill/WRE Maths v3 Y7 SUM B3 SOL Add and subtract fractions.pdf,WRE Maths v3 Y7 SUM B3 SOL Add and subtract fractions.pdf,,high,,False,False,,,,fractions
Year 7,Summer,4,,Angles and,Angles and polygons,1,Draw and measure line segments and angles,"In this small step, students develop the practical skills of drawing and measuring line segments and angles accurately, building on understanding from Key Stage 2 Recap the correct use of a ruler for drawing and measuring line segments before introducing the protractor as the tool for measuring and drawing angles. Ensure that students know how to align the baseline and select the correct scale, modelling these skills clearly. Emphasise that an angle is a measure of turn. Provide questions where students both draw given angles and measure angles already drawn. Encourage them to estimate before measuring in order to develop a sense of size. Everyday contexts, such as design or navigation, help to show why accuracy matters. Misconceptions and common errors • Students may misalign the protractor baseline with the line segment, leading to inaccurate measurements. • The term “line segment” may be unfamiliar and students may not realise that a line is infinite in length. • Students may read from the wrong scale on the protractor, for example 140° instead of 40°. • Students may misalign the ruler by not positioning the beginning of a line segment at zero. Year 7 | Summer term | Block 4 – Angles and polygons | Step 1 Mathematical talk • What is the difference between a line and a line segment? • When measuring a line segment, what happens if you do not start from zero on the ruler? • How can you measure the size of a turn? • How can you describe the direction of a turn? • How can you check that your protractor is lined up correctly before measuring? • Which scale should you read from the protractor? What strategies can you use to make sure that you are using the correct protractor scale? • Is the angle acute, right, obtuse or reflex? Explain how you know without measuring. • How would you use a protractor to measure an angle greater than 180°? National Curriculum links • Draw and measure line segments and angles in geometric figures, including interpreting scale drawings",WR_PDF/Year 7/y7_summer_backfill/WRE Maths v3 Y7 SUM B4 SOL Angles and polygons.pdf,WRE Maths v3 Y7 SUM B4 SOL Angles and polygons.pdf,,high,,False,False,,,,angles and
Year 7,Summer,4,,Angles and,Angles and polygons,2,Understand and use geometric notation,"In this small step, students understand and use geometric notation accurately. Show how capital letters are used to label vertices, with two letters defining a line segment and three letters an angle. Reinforce the accurate use of symbols, such as the degree symbol (°) and the angle symbol ( ). When using letters to name polygons, students should list vertices in consecutive order around the shape, noting that this may not always be alphabetical. Model both correct and incorrect examples to highlight why accuracy matters and emphasise that precise notation underpins clear reasoning and effective communication in geometry. This step provides an opportunity to practise classifying angles as acute, right, obtuse or reflex before measuring. Misconceptions and common errors • Students may write only the letter labelled at the vertex to describe it, rather than using three-letter notation. • Students may mix up the order of letters when naming an angle, for example writing ABC instead of ACB. • Students may not appreciate that, for example, AOB and BOA represent the same angle. Year 7 | Summer term | Block 4 – Angles and polygons | Step 2 Mathematical talk • How is geometric notation used to describe an angle? • Can an angle be described using two letters? Explain your answer. • Which is the line segment AB? • What symbol should you use to label a right angle? • A quadrilateral is named ABCD. Why might it also be called DCBA? • A polygon is named VWXYZ. How many sides does the polygon have? Explain how you know. • What is the same and what is different about XYZ and ZYX? • Do ABC and ACB represent the same angle? Explain how you know. National Curriculum links • Draw and measure line segments and angles in geometric figures, including interpreting scale drawings • Describe, sketch and draw using conventional terms and notations: points, lines, parallel lines, perpendicular lines, right angles, regular polygons, and other polygons that are reflectively and rotationally symmetric",WR_PDF/Year 7/y7_summer_backfill/WRE Maths v3 Y7 SUM B4 SOL Angles and polygons.pdf,WRE Maths v3 Y7 SUM B4 SOL Angles and polygons.pdf,,high,,False,False,,,,angles and
Year 7,Summer,4,,Angles and,Angles and polygons,3,Angles around a point,"In this small step, students consolidate their understanding from Key Stage 2 that angles around a point sum to 360°. Use clear diagrams to show how angles meet at a single point and compare this with a complete rotation. Emphasise that although the sizes of individual angles may vary, their total will always be 360°. Practical demonstrations, such as turning objects through a full rotation and using examples alongside non-examples, can support deeper understanding. The focus is on applying this known fact to calculate unknown angles, forming equations to show how the angles around a point sum to 360°. Calculators can be used to keep the focus on applying the angle rule, rather than on the arithmetic. Misconceptions and common errors • Students may think that angles around a point sum to 180°. • Students may forget to include all the angles at the point, for example omitting a right angle. • Students may try to measure rather than calculate angles. • Students may use incorrect or incomplete explanations when giving reasons, for example “because the angles are around a point”, rather than “because angles around a point sum to 360°”. Year 7 | Summer term | Block 4 – Angles and polygons | Step 3 Mathematical talk • What is the sum of the angles around a point? • How many right angles form a full turn? • What fraction of a full turn is 180°? • Can two angles around a point be reflex angles? Explain your answer. • A full turn is split into three equal angles. What is the size of each angle? • There are four angles around a point. Three of the angles are 63°, 120° and 90°. What is the size of the fourth angle? Explain how you know. • Do the angles 145°, 75°, 100° and 90° form a full turn? Explain how you know. • Can the angles around a point all be acute? Explain your answer. • How could you form an equation to work out the missing angle? • How could you check your answer? National Curriculum links • Apply the properties of angles at a point, angles at a point on a straight line, vertically opposite angles",WR_PDF/Year 7/y7_summer_backfill/WRE Maths v3 Y7 SUM B4 SOL Angles and polygons.pdf,WRE Maths v3 Y7 SUM B4 SOL Angles and polygons.pdf,,high,,False,False,,,,angles and
Year 7,Summer,4,,Angles and,Angles and polygons,4,Angles on a straight line,"In this small step, students consolidate their understanding from Key Stage 2 that adjacent angles on a straight line sum to 180°. Recap that a straight line represents half a turn, linking directly to the previous step on angles around a point. Ensure that students know that angles on a straight line only sum to 180° when the angles share a common vertex and lie on the same straight line, directly adjacent to each other. Use clear diagrams alongside non-examples to highlight where the rule does not apply, such as when angles are on different lines or do not meet at a point. Calculators can be used to keep the focus on applying the angle rule, rather than on the arithmetic. Misconceptions and common errors • Students may confuse the rule for angles on a straight line with angles around a point and use 360° rather than 180°. • Students may believe that angles that lie on the same line but are not adjacent and do not share a common vertex still sum to 180°. • Students may try to measure rather than calculate angles. • Students may use incorrect or incomplete explanations when giving reasons, for example “because it is a straight line”. Year 7 | Summer term | Block 4 – Angles and polygons | Step 4 Mathematical talk • What is the sum of the angles that meet on a straight line? How do you know? • If one angle on a straight line is , what is the other angle? Explain how you know. • When two angles meet on a straight line, must one be acute and one obtuse? Give an example where this is not the case. • Can more than two angles lie on a straight line? Explain your answer. • What is the same and what is different about the rule for angles on a straight line and the rule for angles around a point? • How many right angles make up a straight line? • If the angles 81°, 47° and 51° meet, will they form a straight line? Explain how you know. • How could you form an equation to calculate an unknown angle? National Curriculum links • Apply the properties of angles at a point, angles at a point on a straight line, vertically opposite angles",WR_PDF/Year 7/y7_summer_backfill/WRE Maths v3 Y7 SUM B4 SOL Angles and polygons.pdf,WRE Maths v3 Y7 SUM B4 SOL Angles and polygons.pdf,,high,,False,False,,,,angles and
Year 7,Summer,4,,Angles and,Angles and polygons,5,Vertically opposite angles,"In this small step, students explore how vertically opposite angles are equal in size. Emphasise that these angles are formed when two straight lines intersect at a point, creating pairs of opposite angles. Use diagrams to highlight which angles are opposite and which are adjacent. Encourage students to use their knowledge of angles on a straight line and angles around a point to explain why vertically opposite angles are equal. Demonstrating that the adjacent angles sum to 180° helps students to see that the remaining opposite angle must also be equal. Show non-examples where lines do not intersect or are not straight. Misconceptions and common errors • Students may think that vertically opposite angles must be arranged vertically (up and down), rather than opposite each other at an intersection. • Students may identify the wrong pair of angles as vertically opposite, especially when more than two lines intersect. • Students may try to measure rather than calculate angles. • Students may use incorrect or incomplete explanations when giving reasons, such as “because they are opposite”. Year 7 | Summer term | Block 4 – Angles and polygons | Step 5 Mathematical talk • When are vertically opposite angles formed? • Which angles are equal in size? Explain how you know. • How can you prove that two vertically opposite angles are equal? How do angle facts about angles on a straight line and angles around a point help? • Can vertically opposite angles be reflex? Explain your answer. • Which angle is vertically opposite angle ? How do you know? • When two lines intersect, can you always find the sizes of all four angles if only one is given? Explain your answer. • When two lines intersect, will they always form one pair of acute vertically opposite angles and one obtuse pair? Explain your answer. National Curriculum links • Apply the properties of angles at a point, angles at a point on a straight line, vertically opposite angles",WR_PDF/Year 7/y7_summer_backfill/WRE Maths v3 Y7 SUM B4 SOL Angles and polygons.pdf,WRE Maths v3 Y7 SUM B4 SOL Angles and polygons.pdf,,high,,False,False,,,,angles and
Year 7,Summer,4,,Angles and,Angles and polygons,6,Recognise and name polygons,"In this small step, students consolidate and extend their Key Stage 2 understanding of recognising and naming polygons up to a decagon. Emphasise that polygons are closed 2-D shapes made from straight line segments. Identify polygons by counting sides, reminding students about using the correct terminology. Encourage connections with other words to support the meaning of prefixes, for example “pentathlon” and “octopus”. Discuss the difference between regular and irregular polygons, ensuring that students recognise that regular polygons have equal side lengths and equal interior angles. Once this knowledge is secure, explore different types of triangles and quadrilaterals, providing opportunities for students to classify these. Misconceptions and common errors • Students may believe that shapes are regular if their side lengths are equal, even when their angles differ. • Students may believe that polygons can have curved sides, for example mistaking circles for polygons. • Students may assume that all quadrilaterals are squares or rectangles, rather than recognising kites, trapezia and parallelograms. Year 7 | Summer term | Block 4 – Angles and polygons | Step 6 Mathematical talk • What is the definition of a polygon? • Is a circle a polygon? Explain your answer. • How many sides does a decagon have? Explain how you know. • Do polygons always have the same number of sides as they do angles? Explain your answer. • When is a polygon regular? • What is the name for a regular three-/four-sided polygon? • What is the same and what is different about a square and a rhombus? • Name as many different quadrilaterals as you can. What different properties do they have? • Can two different polygons have the same number of sides? Give examples to support your answer. • How might you sort polygons into groups? National Curriculum links • Describe, sketch and draw using conventional terms and notations: points, lines, parallel lines, perpendicular lines, right angles, regular polygons, and other polygons that are reflectively and rotationally symmetric",WR_PDF/Year 7/y7_summer_backfill/WRE Maths v3 Y7 SUM B4 SOL Angles and polygons.pdf,WRE Maths v3 Y7 SUM B4 SOL Angles and polygons.pdf,,high,,False,False,,,,angles and
Year 7,Summer,4,,Angles and,Angles and polygons,7,Angles in a triangle,"In this small step, students consolidate their understanding from Key Stage 2 that interior angles of a triangle sum to 180°. Remind students that the angles on a straight line also sum to 180° and link this to tearing off and rearranging the corners of a triangle to form a straight line. Encourage exploration with different types of triangles, including scalene, isosceles and equilateral, to show that the rule always holds. Practical activities, such as folding paper triangles, can help secure understanding of triangle properties, for example folding an isosceles triangle along its line of symmetry to show that the base angles are equal. Once confident, students apply this fact to calculate unknown angles in a triangle. Challenge them to solve multi-step angle problems that require applying a combination of the angle facts covered so far in this block. Calculators can be used to keep the focus on applying the angle rule, rather than on the arithmetic. Misconceptions and common errors • Students may believe that the sum of angles in a triangle is 360°. • Students may try to measure rather than calculate angles. • Students may use incorrect or incomplete explanations when giving reasons, such as “because they add to 180°”. Year 7 | Summer term | Block 4 – Angles and polygons | Step 7 Mathematical talk • What is the sum of the interior angles of a triangle? • How can you show that the angles in a triangle always sum to 180°? • How many angles do you need to know to be able to find all the interior angles of a triangle? • If two angles in a triangle are 45° and 90°, what is the size of the unknown angle? What type of triangle is it? • If one angle in an isosceles triangle is 50°, what could the other two angles be? Is there more than one possible answer? Are there more than two possible answers? • If a triangle has two equal angles, what can you say about its sides? • Can a triangle have more than one obtuse angle? Explain your answer. National Curriculum links • Derive and illustrate properties of triangles, quadrilaterals, circles, and other plane figures [for example, equal lengths and angles] using appropriate language and technologies • Derive and use the sum of angles in a triangle and use it to deduce the angle sum in any polygon, and to derive properties of regular polygons",WR_PDF/Year 7/y7_summer_backfill/WRE Maths v3 Y7 SUM B4 SOL Angles and polygons.pdf,WRE Maths v3 Y7 SUM B4 SOL Angles and polygons.pdf,,high,,False,False,,,,angles and
Year 7,Summer,4,,Angles and,Angles and polygons,8,Angles in a quadrilateral,"In this small step, students consolidate their understanding from Key Stage 2 that the interior angles of a quadrilateral sum to 360°. Link the angle sum in a quadrilateral to the angle sum in a triangle by showing how a quadrilateral can be split into two triangles. Demonstrating this with both convex and concave quadrilaterals reinforces that the rule applies in all cases. Explore a range of familiar quadrilaterals, such as rectangles, trapezia and parallelograms, to see that the sum of interior angles is always 360°. Students use this fact to form equations and calculate unknown angles, before solving multi-step problems involving quadrilaterals. Calculators can be used to keep the focus on applying the angle fact, rather than on the arithmetic. Misconceptions and common errors • Students may think that the interior angles in a quadrilateral sum to 180°, rather than 360°. • Students may believe that the angle sum changes for concave quadrilaterals. • Students may try to measure rather than calculate angles. • Students may use incorrect or incomplete explanations when giving reasons, such as “because it is a quadrilateral”. Year 7 | Summer term | Block 4 – Angles and polygons | Step 8 Mathematical talk • How many triangles can a quadrilateral be split into? What does this tell you about the total angle sum? • If a quadrilateral has four right angles, is it a square? Explain your answer. • Can a quadrilateral have four obtuse angles? Explain your answer. • If a quadrilateral has two pairs of equal angles, what type of quadrilateral could it be? • Can a quadrilateral have one reflex interior angle? Explain your answer. • How could you form an equation to calculate the unknown angle? • How could you check your answer? National Curriculum links • Derive and illustrate properties of triangles, quadrilaterals, circles, and other plane figures [for example, equal lengths and angles] using appropriate language and technologies • Apply angle facts, triangle congruence, similarity and properties of quadrilaterals to derive results about angles and sides, including Pythagoras’ theorem, and use known results to obtain simple proofs",WR_PDF/Year 7/y7_summer_backfill/WRE Maths v3 Y7 SUM B4 SOL Angles and polygons.pdf,WRE Maths v3 Y7 SUM B4 SOL Angles and polygons.pdf,,high,,False,False,,,,angles and
Year 7,Summer,4,,Angles and,Angles and polygons,9,Solve problems with angles,"In this small step, students apply known angle facts to calculate unknown angles in a variety of contexts. At this stage, students should be confident in using all the angle facts covered so far in this block. The focus of this step is on identifying which fact to apply and justifying solutions using accurate mathematical vocabulary and notation. Encourage students to explain their thinking clearly and to check whether their answers are sensible. Model how to set up and solve equations based on different angle facts. More challenging questions may combine several angle facts, requiring a step-by- step approach to reach the solution. Calculators can be used to ensure that the focus remains on the application of the angle facts, rather than the arithmetic. Misconceptions and common errors • Students may confuse which fact or facts apply to a situation. • Students may forget that vertically opposite angles are equal and instead assume that they sum to 180° or 360°. • Students may try to measure rather than calculate angles. • Students may not show clear reasoning or may use incorrect or incomplete justification when explaining their answers. Year 7 | Summer term | Block 4 – Angles and polygons | Step 9 Mathematical talk • What do you know? What can you find out? • What information can you add to the diagram? • How do you decide which angle fact to use and apply? • Is it possible to apply more than one angle fact in this problem? • Which angle facts do you know? • Which angle facts do you think you will need to apply to this problem? • How do you know whether to use 180° or 360° in a calculation? • How can you check that your answer is sensible once you have calculated an unknown angle? National Curriculum links • Apply the properties of angles at a point, angles at a point on a straight line, vertically opposite angles • Derive and use the sum of angles in a triangle and use it to deduce the angle sum in any polygon, and to derive properties of regular polygons • Apply angle facts, triangle congruence, similarity and properties of quadrilaterals to derive results about angles and sides, including Pythagoras’ theorem, and use known results to obtain simple proofs",WR_PDF/Year 7/y7_summer_backfill/WRE Maths v3 Y7 SUM B4 SOL Angles and polygons.pdf,WRE Maths v3 Y7 SUM B4 SOL Angles and polygons.pdf,,high,,False,False,,,,angles and
Year 7,Summer,4,,Angles and,Angles and polygons,10,Parallel and perpendicular lines,"In this small step, students consolidate and extend their Key Stage 2 understanding of parallel and perpendicular lines. Remind students that parallel lines are always the same distance apart and never meet, no matter how far they are extended. Perpendicular lines meet at a right angle (90°), which can be shown using a square corner or set square. Use clear diagrams and practical examples, such as train tracks for parallel lines or the corner of a book for perpendicular lines. Encourage students to spot these relationships in shapes, coordinate grids and the classroom environment. Emphasise accurate vocabulary, such as “intersect” and “right angle”, and correct notation, including arrows for parallel lines and squares for right angles. Students should practise drawing parallel and perpendicular lines using a ruler and protractor or set square. Misconceptions and common errors • Students may assume that all lines that do not meet are parallel, overlooking the fact that parallel lines must also be equidistant. • Students may assume that lines need to be the same length to be parallel. • Students may confuse perpendicular lines with any intersecting lines. Year 7 | Summer term | Block 4 – Angles and polygons | Step 10 Mathematical talk • How can you tell that two lines are parallel? • What does it mean for two lines to be the same distance apart? • Can parallel lines ever meet? Explain your answer. • What makes a pair of lines perpendicular? • How can you check that two lines are perpendicular? • What is the same and what is different about parallel lines and perpendicular lines? • Where might you see parallel/perpendicular lines in everyday life? • If line AB is perpendicular to CD, and EF is parallel to AB, what is the relationship between EF and CD? National Curriculum links • Describe, sketch and draw using conventional terms and notations: points, lines, parallel lines, perpendicular lines, right angles, regular polygons, and other polygons that are reflectively and rotationally symmetric",WR_PDF/Year 7/y7_summer_backfill/WRE Maths v3 Y7 SUM B4 SOL Angles and polygons.pdf,WRE Maths v3 Y7 SUM B4 SOL Angles and polygons.pdf,,high,,False,False,,,,angles and
Year 7,Summer,4,,Angles and,Angles and polygons,11,Investigate angles in parallel lines  E,"In this extend step, students explore angles formed when a transversal crosses parallel lines. The focus of this step is on careful measurement and observation of angles in parallel lines. Students investigate patterns and compare different angle positions. Encourage them to use known angle facts, such as angles on a straight line or around a point, to justify their ideas, where possible. Provide opportunities for students to test their conjectures with further examples to build confidence. This investigative approach develops curiosity and provides a secure foundation for introducing formal parallel line angle facts in later steps. Misconceptions and common errors • Students may believe that all angles formed by a transversal and parallel lines are equal. • Students may believe that parallel lines must always be horizontal. • Students may not understand that there can be more than two parallel lines in a set. Year 7 | Summer term | Block 4 – Angles and polygons | Step 11 Mathematical talk • How can you identify parallel lines? • Do parallel lines always have to be drawn horizontally? Explain your answer. • How many angles are created when a transversal intersects a pair of parallel lines? • What do you notice about the sizes of the angles formed between a transversal and parallel lines? Is there a pattern? • Are there any other pairs of equal angles? Explain how you know. • If you know the size of one angle, how can you use angles on a straight line, vertically opposite angles and angles around a point to work out other angles? National Curriculum links • Apply the properties of angles at a point, angles at a point on a straight line, vertically opposite angles • Understand and use the relationship between parallel lines and alternate and corresponding angles • Describe, sketch and draw using conventional terms and notations: points, lines, parallel lines, perpendicular lines, right angles, regular polygons, and other polygons that are reflectively and rotationally symmetric E",WR_PDF/Year 7/y7_summer_backfill/WRE Maths v3 Y7 SUM B4 SOL Angles and polygons.pdf,WRE Maths v3 Y7 SUM B4 SOL Angles and polygons.pdf,,high,,False,False,,,,angles and
Year 7,Summer,4,,Angles and,Angles and polygons,12,Angles in any polygon  E,"In this extend step, students are introduced to the sum of the interior angles in a polygon. Start with triangles, where the angles sum to 180°, and quadrilaterals, which can be split into two triangles to give 360°. Explore polygons with more sides by partitioning them into triangles from a single vertex, for example splitting a pentagon into three triangles, making the sum of the interior angles 540°. Encourage students to investigate different polygons and record their findings, noticing how the number of sides links to the number of triangles and the total angle sum. Then introduce regular polygons, showing how each interior angle can be found by dividing the total by the number of sides. Students also identify interior and exterior angles at a vertex and calculate them using their knowledge of angles on a straight line. Misconceptions and common errors • Students may think that the sum of the interior angles differs between regular and irregular polygons. • Students may assume that the sum of the angles can be found by multiplying the number of sides by 180°. • Students may struggle to split the polygons into triangles, using more than one vertex. Year 7 | Summer term | Block 4 – Angles and polygons | Step 12 Mathematical talk • How many triangles can a quadrilateral be split into? What does that tell you about the total sum of its interior angles? • If a pentagon can be split into three triangles, what does that tell you about the total sum of its interior angles? • Why is the interior angle sum of any polygon always a multiple of 180°? • Describe the relationship between the number of sides a polygon has and the number of triangles it can be split into from one vertex. • How can you calculate the angle sum of any polygon? Does your method work for concave polygons? National Curriculum links • Derive and use the sum of angles in a triangle and use it to deduce the angle sum in any polygon, and to derive properties of regular polygons E",WR_PDF/Year 7/y7_summer_backfill/WRE Maths v3 Y7 SUM B4 SOL Angles and polygons.pdf,WRE Maths v3 Y7 SUM B4 SOL Angles and polygons.pdf,,high,,False,False,,,,angles and
Year 7,Summer,4,,Angles and,Angles and polygons,13,Simple proofs  E,"In this extend step, students are introduced to the idea of simple proofs using known angle facts. Distinguish between a demonstration, which shows why something is true in one case, and a proof, which explains why it is always true. Model how the angles in a triangle sum to 180° by cutting out the three corners and rearranging them so that they fit together along a straight line. Encourage students to make links to earlier angle facts, recognising that angles on a straight line sum to 180°. Students should practise writing short proofs, focusing on clear reasoning and step-by-step justification. Discussions about efficiency and generalisation will help students to see how proofs provide certainty and are more powerful than examples alone. Misconceptions and common errors • Students may think that showing one example is enough to prove a fact. • Students may think that proofs are only shown by calculations, rather than reasoning and logical facts. • Students may write explanations without a clear structure. • Students may struggle with more challenging expressions such as 180 − (90 − x). Year 7 | Summer term | Block 4 – Angles and polygons | Step 13 Mathematical talk • What is the same and what is different about a proof and a demonstration? • What do you know? What can you find out? • Is it possible to prove something in more than one way? • How could you prove that there are 360° in a full turn? • Why is it important to write each step of a proof in order? • This trapezium has two right angles. Does this mean that every trapezium has two right angles? Explain how you know. • How can you prove that the angles in a pentagon sum to 540° using the fact that angles in a triangle sum to 180°? National Curriculum links • Apply angle facts, triangle congruence, similarity and properties of quadrilaterals to derive results about angles and sides, including Pythagoras’ theorem, and use known results to obtain simple proofs E",WR_PDF/Year 7/y7_summer_backfill/WRE Maths v3 Y7 SUM B4 SOL Angles and polygons.pdf,WRE Maths v3 Y7 SUM B4 SOL Angles and polygons.pdf,,high,,False,False,,,,angles and
