Topic,Age
Add and subtract fractions,11-12
Addition and subtraction,6-7
,7-8
,8-9
,9-10
Addition and subtraction within 10,5-6
Addition and subtraction within 20,5-6
Addition subtraction multiplication and division,10-11
Algebra,10-11
Algebraic manipulation,12-13
,13-14
,14-15
Algebraic notation,11-12
Angles,14-15
Angles and polygons,11-12
Angles bearings and trigonometry,15-16
Angles in parallel lines and polygons,12-13
Area,8-9
Area and volume,13-14
,15-16
Area perimeter and volume,10-11
Area volume and density,12-13
Averages and range,11-12
Circle theorems,15-16
Circles,12-13
Constructions and congruence,13-14
Constructions and Loci,15-16
Converting units,9-10
,10-11
Coordinates and graphs,12-13
Decimals,9-10
,10-11
Decimals A,8-9
Decimals and percentages,9-10
Decimals B,8-9
Directed number,11-12
Equations and formulae,15-16
Equations and inequalities,12-13
Equations inequalities and formulae,13-14
,14-15
Expand double brackets,14-15
Expressions and equations,11-12
Factors and powers,14-15
Four operations,11-12
Fractions,5-6
,6-7
,8-9
,13-14
Fractions A,7-8
,9-10
,10-11
Fractions and percentages of amounts,11-12
Fractions B,7-8
,9-10
,10-11
Fractions decimals and percentages,10-11
,11-12
Functions and graphs,15-16
Graphing data,11-12
Graphs and charts,12-13
Graphs and diagrams,14-15
Indices,12-13
Interpret and represent data,14-15
Length and height,5-6
,6-7
Length and perimeter,7-8
,8-9
Mass and capacity,7-8
Mass and volume,5-6
Mass capacity and temperature,6-7
Maths and money,13-14
Money,5-6
,6-7
,7-8
,8-9
Multiplication and division,5-6
,6-7
Multiplication and division A,7-8
,8-9
,9-10
Multiplication and division B,7-8
,8-9
,9-10
Multiply and divide fractions,12-13
Negative numbers,9-10
Non-calculator methods,14-15
Non-linear graphs,13-14
,14-15
Percentages,12-13
,13-14
,14-15
Perimeter and area,9-10
,11-12
Perimeter area and volume,14-15
Place value,6-7
,7-8
,8-9
,9-10
,10-11
Place value ordering and rounding,11-12
Place value within 10,5-6
Place value within 100,5-6
Place value within 20,5-6
Place value within 50,5-6
Position and direction,5-6
,6-7
,8-9
,9-10
,10-11
Positive and negative powers of 10,12-13
Probability,14-15
Properties of number,11-12
,13-14
Proportion and scale,12-13
Pythagoras theorem,13-14
Pythagoras’ theorem and trigonometry,14-15
Rates,13-14
,15-16
Ratio,10-11
Ratio (1),12-13
Ratio and proportion,13-14
,15-16
Ratio and scale,14-15
Rounding and estimation,11-12
,14-15
Sequences,11-12
,12-13
Sequences and proof,15-16
Set notation and Venn diagrams,15-16
Sets and probability,13-14
Shape,5-6
,6-7
,7-8
,8-9
,9-10
,10-11
Similarity,13-14
Similarity and congruence,15-16
Simultaneous equations,13-14
,14-15
Speed distance and time,11-12
Standard form,13-14
,15-16
Statistics,6-7
,7-8
,8-9
,9-10
,10-11
Straight line graphs,13-14
,14-15
Symmetry and reflection,12-13
Tables and probability,12-13
Time,5-6
,6-7
,7-8
,8-9
Transformations,13-14
,15-16
Trigonometry,14-15
Types of data,12-13
Vectors,14-15
,15-16
Volume,9-10
Work with circles,15-16
Work with fractions,14-15