updated_at,small_step_id,candidate_ss_wr_desc
2026-04-22T12:00:38,Year 1_5-6_Autumn__Addition and subtraction within 10_10_Addition problems,"This small step brings together the learning from the previous steps, as children start to answer addition problems that are not isolated to a specific structure. As this is the first time that they are likely to have explored multiple structures within different contexts, this can initially be overwhelming for children. The use of manipulatives and realistic situations can support children to understand what is happening. While concrete resources and visual representations are useful, children should move towards working in the abstract. This is an excellent opportunity to reinforce learning on number bonds, from earlier in the block. Children should start to use these bonds to find answers to additions rather than always relying on counting."
2026-04-22T12:02:10,Year 1_5-6_Autumn__Addition and subtraction within 10_11_Find a part,"Now that children have looked at addition in detail, in this small step they begin to think about subtraction by finding a part. The focus of this small step is on the knowledge and use of number bonds to identify missing parts, rather than formal subtraction and the subtraction symbol. A practical way to introduce this to children is through games. If you tell them that you have 5 counters altogether, and show them 2 in one hand, they can use their knowledge of bonds and their earlier learning to work out how many are in the other hand. Children then begin to work more abstractly and use their earlier learning to identify what is missing. Questions will be presented in the form 3 + = 5, rather than 5 − 3 = . They will be introduced to the subtraction symbol formally in the next step."
2026-04-17T10:13:43,Year 1_5-6_Autumn__Addition and subtraction within 10_12_Subtraction – find a part,"are formally introduced to the subtraction symbol for the first time. As in the previous step, the structure of all the questions is partitioning. The only difference is the way in which children represent their findings. They are still required to use their knowledge of number bonds to find parts, but represent them using the subtraction symbol. To begin, children focus on the meaning of the subtraction symbol rather than having to identify missing values. They are given a completed part-whole model and write the related subtractions using the numbers in the part-whole model to start to build their understanding. As children become more secure in this, and understand what the subtraction symbol represents, they then use it to answer missing number problems similar to the ones they saw in the previous step."
2026-04-22T12:08:59,Year 1_5-6_Autumn__Addition and subtraction within 10_13_Fact families – the eight facts,find all facts within a fact family.
2026-04-22T15:02:38,Year 1_5-6_Autumn__Addition and subtraction within 10_14_Subtraction – take away/cross out (How many left?),"are introduced to the structure of subtraction that is “taking away”. This is the first time within this block that they will have seen such questions. In the same way as they were introduced to partitioning, this is done within this step without the use of the subtraction symbol. Use of the subtraction symbol follows formally in the next small step. Taking away is often the structure of subtraction that children are more familiar and comfortable with, as they can physically take things away to support their understanding. They can then move on to crossing out on diagrams and pictures. In each question, children are required to find out how many are left. In later steps, children will use number sentences for this type of problem. Although physically taking away can aid initial understanding, moving towards crossing out can help children to relate the numbers in the number sentences to the question and understand what each number represents."
2026-04-22T15:03:03,Year 1_5-6_Autumn__Addition and subtraction within 10_15_Subtraction – take away (How many left?),"formalise their learning from the previous step. They again focus on subtraction questions that require them to take away, but this time record their findings in a number sentence. The use of “first, then, now” stories can aid understanding and help children to relate the question to the number sentence. For example, for the story “First there were 5 birds in a tree. Then 2 of the birds flew away. Now there are 3 birds in the tree”, the related subtraction sentence is 5 − 2 = 3. Encourage children to recognise that the 5 represents the number of birds at the start, the 2 represents the number of birds that flew away and the 3 represents the number of birds that are left. Initially, children simply form the subtraction sentences for a given scenario. Then they move on to questions where they need to work out how many are left. Use of concrete resources and pictorial representations is useful throughout."
2026-04-22T15:06:20,Year 1_5-6_Autumn__Addition and subtraction within 10_16_Subtraction on a number line,"look at subtraction on a number line for the first time. Children use the method of “counting back” to find the answers to subtraction calculations. As they did when adding more, they start from the “first” number and then count back to find the answer. These questions can be linked to examples and scenarios they have used in earlier steps in this block. This allows children to first focus their attention on how the number line helps with the calculation, before they move on to work more abstractly to complete subtractions by counting back. As in the previous step, encourage children to think about each number within a calculation, what it represents and how it is shown on the number line. For example, in 5 − 3 = 2, 5 is the number they start at, 3 is the number of jumps back they do and 2 is the number they land on."
2026-04-22T15:17:25,Year 1_5-6_Autumn__Addition and subtraction within 10_17_Add or subtract 1 or 2,addition and subtraction below 20
2026-04-22T11:49:31,Year 1_5-6_Autumn__Addition and subtraction within 10_1_Introduce parts and wholes,"begin to think about parts and wholes. While this reinforces and reminds children of what they have learned in Reception, they are unlikely to have been formally introduced to the language of “parts” and “whole”. Ensure time is spent identifying the parts and the whole during activities. Allow children to explore and notice different compositions; for example, 5 can be composed of 2 and 3 or 1 and 4 or 1 and 1 and 3. Encourage children to recognise that numbers can be composed of two or more parts. At this stage, children should be given the opportunity to explore this concept through play and physical activities. The part-whole model is introduced in the next step."
2026-04-22T11:50:33,Year 1_5-6_Autumn__Addition and subtraction within 10_2_Part-whole model,"Now that children have explored parts and wholes, in this small step they are introduced to the part-whole model. This is sometimes referred to as a “cherry model”. The main teaching point is for children to see that a whole group of objects can be composed of two or more parts and that they can represent this using a part-whole model. The group can be split in a variety of different ways. Draw children’s attention to the fact that the parts cannot be bigger than the whole group. Provide children with laminated part-whole models, so that they can experiment with physical objects – either drawing or placing pictures on the part-whole model. Encourage them to describe what they do by saying full sentences aloud. Children should be comfortable describing the parts and wholes in a variety of ways, sometimes starting with the whole and at other times with a part."
2026-04-22T11:51:21,Year 1_5-6_Autumn__Addition and subtraction within 10_3_Write number sentences,write addition sentences and learn that the addition symbol (+) can be used to represent combining two or more parts and the equals symbol (=) can be used to show the equivalence between the whole and the sum of the parts.
2026-04-22T11:52:58,Year 1_5-6_Autumn__Addition and subtraction within 10_4_Fact families – addition facts,"build on their learning about writing number sentences by looking at addition fact families. Children recognise that the order of an addition sentence can be varied, and they begin to discover that addition is commutative. For example, 3 + 2 = 5 2 + 3 = 5 5 = 3 + 2 5 = 2 + 3 Continue to use concrete resources and pictures to support children’s understanding – ten frames and counters and cubes are particularly useful."
2026-04-22T11:53:35,Year 1_5-6_Autumn__Addition and subtraction within 10_5_Number bonds within 10,"combine their knowledge of the part-whole model and addition facts to explore number bonds within 10 Starting with the whole, children break numbers into parts and explore how many different ways a number can be partitioned. Double-sided counters and ten frames are useful concrete resources, together with dot patterns. Children will see numbers made from dot patterns differently, for example some may see 6 as being made up of 5 and 1, while others may see it as being made up of two 3s. Exploring patterns is a good way to encourage discussion and expose children to different ways of thinking. Throughout this step, continue to look at number sentences written with the symbols in different places and talk about the commutative nature of the calculations, for example 3 + 1 = 4 is the same as 1 + 3 = 4"
2026-04-22T11:53:54,Year 1_5-6_Autumn__Addition and subtraction within 10_6_Systematic number bonds within 10,"Now that children have explored number bonds within 10, in this small step they start to work systematically to identify all the number bonds. Some children may have started to do this naturally, whereas others will need to be exposed to this way of thinking. It is important that children learn to work systematically to ensure that they organise their thinking and consider all the possibilities in a problem. Double-sided counters are extremely useful in this step, as children can clearly see the pattern formed when they work systematically to find number bonds. If they start, for example, with 5 counters all showing the same colour, they can turn 1 over to show that 1 + 4 = 5, turn another over for 2 + 3 = 5 and so on to find all the number bonds in a systematic way."
2026-04-22T11:56:41,Year 1_5-6_Autumn__Addition and subtraction within 10_7_Number bonds to 10,"move on from number bonds within 10 to number bonds to 10 Initially, allow children to explore finding the number bonds. They could use two different colour cubes to build towers of 10 and represent their tower in a number sentence. For example, if their tower is made up of 2 blue cubes and 8 red cubes, they have 10 cubes altogether, so 2 + 8 = 10 As children become more comfortable in finding these bonds to 10, encourage them to use their earlier learning to work systematically to find all the number bonds. Ten frames and double-sided counters can support them with their thinking. This is essential learning that forms the basis of our number system, so time should be spent ensuring that children are comfortable with finding and recognising these bonds."
2026-04-22T11:59:08,Year 1_5-6_Autumn__Addition and subtraction within 10_8_Addition – add together,"begin to formalise the idea of addition as bringing two or more parts together to create a whole. This is a more formal way of looking at the learning they have covered earlier in this block. At this stage, the focus should be on bringing two parts together, rather than adding more, which will be covered explicitly in the next step. When representing their additions, encourage children to use correct mathematical language to explain, for example “3 cubes plus 5 cubes is equal to 8 cubes.” The use of “is equal to” rather than “makes” will support children in later learning. Ten frames, counters and Rekenreks are useful manipulatives to support this learning, and part-whole models can be used to represent additions."
2026-04-22T12:00:17,Year 1_5-6_Autumn__Addition and subtraction within 10_9_Addition – add more,"build on their understanding of addition as they explore the structure of “adding more”. The focus is on increasing one quantity by a given amount, while continuing to work within 10 As in the earlier steps, classroom items and concrete resources can be used to support children’s learning and “first, then, now” stories can help to build their understanding. For example, “First Rosie has 3 pencils. Then she is given 2 more pencils. How many pencils does she have now?” While exploring with physical pencils will help children with initial understanding, moving towards representations such as ten frames and counters and Rekenreks will support when working in the abstract. A number line can also support children in finding how many there are. When working on a number line, they should start from the “first” number, and draw jumps to find the total."
2026-04-22T14:51:31,Year 1_5-6_Autumn__Place value within 10_10_Compare groups by matching,"match one object with another to compare groups. one-to-one correspondence, where children check if, for example, there are enough presents for everyone to have one each. Children should be exposed to situations where there are too many, not enough or just the right amount. Children should be encouraged to move physical objects or draw lines between pictorial representations to support them in matching. At this stage, children do not need to know the exact difference between the groups if there is a difference."
2026-04-22T14:55:16,"Year 1_5-6_Autumn__Place value within 10_11_Fewer, more, same","compare numbers of objects. It is important to ensure that children have clear understanding of new vocabulary such as “fewer”, “more” and “same”. They need to practise using the words in a variety of contexts in the same way that they need to practise working with numbers in a variety of contexts. In particular, the word “fewer” can be tricky, as many adults tend to incorrectly use the word “less” instead. “Fewer” is used when talking about a number of things or objects, whereas “less” is used when talking about values. For example, “There are fewer blue cars than red cars” is correct, not “There are less blue cars than red cars.”"
2026-04-22T11:31:18,"Year 1_5-6_Autumn__Place value within 10_12_Less than, greater than, equal to","move on from describing whether there are “fewer”, “more” or the “same” number of objects to comparing numerical values using the vocabulary “less than”, “greater than” or “equal to” alongside the symbols <, > and =. Number tracks are particularly useful in this step and children will begin to see that smaller numbers are to the left of greater numbers. Concrete resources can also be used, but make sure that children do not get confused with the previous step, where they were using words to describe sets of objects. It needs to be clear that they are now comparing the numbers not the objects."
2026-04-22T11:34:39,Year 1_5-6_Autumn__Place value within 10_13_Compare numbers,"compare pairs of numbers within 10 Children can use their knowledge of counting to support them, for example because they would say 6 after 5, they know that 6 is greater than 5. Children can also use their knowledge of representing numbers using objects to help them identify which of a pair of numbers is greater or less than the other. In the previous steps, children were introduced to the language of “greater than”, “less than” and “equal to” alongside the corresponding inequality symbols >, < and =. They use these throughout this step when comparing numbers. It is important that children use all the symbols, in order to reinforce their meaning."
2026-04-22T14:58:58,Year 1_5-6_Autumn__Place value within 10_14_Order objects and numbers,"sort and order three groups of objects less than 10. “most” and “fewest” and begin to use it. Alongside the objects, introduce numbers so that children can begin to order a set of three numbers. They will need introducing to the language of “greatest” and “smallest” and should begin to use it."
2026-04-22T15:00:17,Year 1_5-6_Autumn__Place value within 10_15_The number line,"are introduced to a number line for the first time. So far, children have only used number tracks, so they may be tempted to label the numbers in between the divisions on the number line. Careful explanation will be needed to avoid this. All number lines will count in 1s. The number line can be used to practise and consolidate the skills learnt so far in this block. Children recap counting from zero to 10 forwards when labelling a number line and can also practise counting backwards if they read from right to left. They can clearly see that 1 more is the next number to the right on the number line, while 1 less is the previous number. The number line can also be used to consolidate comparison of numbers using both words and inequality symbols, as well as being used to order numbers. A number line is a good opportunity to count from zero, as children do not do this when counting objects."
2026-04-22T14:28:09,Year 1_5-6_Autumn__Place value within 10_1_Sort objects,"Sort objects into groups based on colour, size or shape. Sorting enables children to consider what is the same about all the objects in one set and how they differ from the objects in other sets. Children need to understand that the same collection of objects can be sorted in different ways and should be encouraged to come up with their own criteria for sorting objects into sets. The concept of sorting can also be reinforced during daily activities."
2026-04-22T14:19:16,Year 1_5-6_Autumn__Place value within 10_2_Count objects,"counting 1 -10 how to count in ones / 1's from 1 to 10, counting by 1's 1 to 10 song up to ten, 1,2,3,4,5,6,7,8,9,10, one two three four five six seven eight nine ten"
2026-04-22T09:04:37,Year 1_5-6_Autumn__Place value within 10_3_Count objects from a larger group,find a number of objects from a larger group or set
2026-04-22T09:21:02,Year 1_5-6_Autumn__Place value within 10_4_Represent objects,use counters to represent the number of a group of objects
2026-04-22T14:30:15,Year 1_5-6_Autumn__Place value within 10_5_Recognise numbers as words,"identify, recognise or say the written number words up to ten"
2026-04-22T11:14:57,Year 1_5-6_Autumn__Place value within 10_6_Count on from any number,"count on from any number below 10. For example, they may be given a starting number of 4 and asked to continue “5, 6, 7, 8, 9, 10”. Ten frames and number tracks are useful tools to support children with this concept. When used side by side, they help children to continue to link a representation to the numeral and/or the word."
2026-04-22T11:17:50,Year 1_5-6_Autumn__Place value within 10_7_1 more,"Once children are confident placing numbers on a track, the language of “1 more” can be introduced. Children need to know that 1 more is the number after, and they should use their counting skills or a number track to help them. Cubes are a useful manipulative to show the concept of “1 more”, as children can link this to the everyday activity of climbing the stairs."
2026-04-22T11:18:51,Year 1_5-6_Autumn__Place value within 10_8_Count backwards within 10,"learn to count backwards within 10 Children can find counting backwards tricky. The use of songs and rhymes can be particularly useful to help develop this skill. As in the previous steps, it is also useful to use cubes and number tracks to support children. Countdowns are a fun way to reinforce counting backwards, such as a countdown to a rocket launch or a countdown to the start of a race. Being able to count backwards will help children when they begin to learn about subtraction, where one method that they may use is counting back."
2026-04-22T11:19:13,Year 1_5-6_Autumn__Place value within 10_9_1 less,"Once children are confident counting backwards and placing numbers on a track, the language of “1 less” can be introduced. need to know that 1 less is the number before and they should use their counting skills or a number track to help them. It is important to make references back to previous learning on finding 1 more, so that children understand that finding 1 less is the opposite of finding 1 more. Cubes are a useful manipulative to show the concept of “1 less”, as children can link this to the everyday activity of walking down the stairs."
2026-04-22T15:19:22,Year 1_5-6_Autumn__Shape_1_Recognise and name 3-D shapes,"This small step is the first in a block of learning on shape. Children start by looking at 3-D shapes, as these are tangible shapes that they can touch and feel to help understand their identifying features. Children are required to name simple 3-D shapes such as cubes, cuboids, cylinders, pyramids, cones and spheres. While some questions require children to write the names of the shapes, at this point the focus should be more on verbally naming and matching. Encourage children to make links to previous learning and to start to think about the 2-D faces on a 3-D shape, as this will support them later on when they look at 2-D shapes in detail."
2026-04-22T15:23:23,Year 1_5-6_Autumn__Shape_2_Sort 3-D shapes,"start to sort 3-D shapes. They should be given the opportunity to explore similarities and differences between shapes as they play, and to sort them according to what they notice. While they may have naturally started to sort 3-D shapes already, in this step children sort and group 3-D shapes more formally according to simple properties, including type, size and colour. As well as sorting shapes themselves, children also identify how given groups of shapes have been sorted. Encourage children to explain in detail what they notice about groups of shapes and to consider whether they could have been sorted another way. Children should think about the key features of each 3-D shape. Encourage them to consider questions such as “Will they stack, or will they roll?” as another method for sorting."
2026-04-22T15:23:49,Year 1_5-6_Autumn__Shape_3_Recognise and name 2-D shapes,"Now that children have looked in detail at 3-D shapes, they begin to look at 2-D shapes. They will have experience of 2-D shapes and may already know some of the names. Children are required to name simple 2-D shapes, such as triangles, squares, rectangles and circles. While some questions require children to write the names of the shapes, at this point the focus should be on verbally naming and matching. As 2-D shapes cannot be physically explored in the same way as 3-D shapes, they can be difficult to introduce to children in a practical way. 3-D shapes can be used as a way of exploring 2-D shapes, where children focus on the faces of the 3-D shapes to identify which 2-D shapes they are made up of. They can also draw around 3-D shapes or use them to make prints of 2-D shapes. It is essential that children recognise that 2-D shapes are completely flat."
2026-04-22T15:25:22,Year 1_5-6_Autumn__Shape_4_Sort 2-D shapes,"start to sort 2-D shapes. While they may have naturally started to sort 2-D shapes already, in this step they sort and group 2-D shapes more formally according to simple properties, including type, size and colour. As well as sorting shapes into groups themselves, children also identify how given groups of shapes have been sorted. Encourage children to explain in detail what they notice about groups of shapes and to consider whether they could have been sorted another way. They should think about what is the same and what is different about shapes, while also recognising that the orientation of a shape does not affect its properties. Take time to explore the similarities between squares and rectangles, so that children see the connection."
2026-04-17T14:34:45,Year 1_5-6_Autumn__Shape_5_Patterns with 2-D and 3-D shapes,"create patterns with 2-D and 3-D shapes. They should experience both repeating patterns (ABAB) and symmetrical patterns (ABBCBBA), but do not need to know the names of these types of patterns. Children use both 2-D and 3-D shapes to complete and make simple patterns, focusing on different shapes, sizes and colours. Encourage children to say the patterns aloud, consolidating their previous learning on naming shapes. Use shapes in different orientations to reinforce children’s recognition of 2-D and 3-D shapes. Children should be able to recognise the rule within a pattern and use this to continue it in any direction."
2026-04-22T16:58:39,Year 1_5-6_Spring__Addition and subtraction within 20_10_Missing number problems,"In this final small step, children explore missing number problems. They use the idea of inverse operations to see that if they start with a number and add 2 to it, then to “undo” that they need to subtract 2. Bar models and part-whole models are useful representations for this. “First, then, now” stories can be particularly helpful for children to act out the problems and visualise what is happening. Use of counters and ten frames, as well as number lines, supports children in their understanding of a missing number problem, helping them to discuss what the numbers in a problem represent. With the missing number problem 3 + = 5, a common mistake is to add 3 and 5 and get 3 + 8 = 5. Children need to spot that this does not make sense, as 8 is greater than 5"
2026-04-22T15:59:59,Year 1_5-6_Spring__Addition and subtraction within 20_1_Add by counting on within 20,"build on their learning from earlier in the year as they explore addition by counting on from a given number within 20 The use of ten frames and counters or cubes is particularly useful, together with bar models. Children should begin to understand that addition is commutative (although they do not need to formally know the word), and that it is more efficient to start from the greater number than the smaller number. For example, when working out 1 + 13, it is quicker to add 1 to 13 than to add 13 to 1. A number line is a particularly useful tool to exemplify this point, as children see the benefit of drawing just 1 jump rather than drawing 13 jumps. It is important that children see that they are not just counting the total of two separate numbers or items; rather, they are adding to what they already have."
2026-04-22T16:40:01,Year 1_5-6_Spring__Addition and subtraction within 20_2_Add ones using number bonds,"use number bonds and related facts when adding within 20, as an alternative to counting on. This is a more efficient method because, for example, if they know that 4 and 2 are a bond to 6, they can use this fact to see that 14 and 2 are a bond to 16, as are 4 and 12 Using counters and ten frames and base 10 enables children to see the links between related facts, noticing that, for example, 11 + 6 is 10 more than 1 + 6 Children can also explore missing number problems such as 5 + = 17 using the knowledge that 5 and 2 are a number bond to 7"
2026-04-22T16:41:03,Year 1_5-6_Spring__Addition and subtraction within 20_3_Find and make number bonds to 20,"explore number bonds to 20. They have already learnt about number bonds to 10 and should be confident with these. It is essential that children are fluent in their number bonds as they are used frequently throughout the curriculum. Children use their knowledge of number bonds to 10 to find number bonds to 20. Using examples such as 7 + 3, 17 + 3 and 7 + 13 encourages children to see the link between bonds to 10 and bonds to 20, as well as reinforcing their understanding of place value. They see that working systematically helps them to find all the possible number bonds to 20 Representations such as ten frames, counters, Rekenreks and part-whole models, among others, can be used to support children’s understanding."
2026-04-22T16:41:26,Year 1_5-6_Spring__Addition and subtraction within 20_4_Doubles,"learn about doubles, with a focus on adding the two equal quantities together as opposed to multiplying by 2 Give children opportunities to build doubles using real objects and mathematical equipment. Building numbers using the pair-wise patterns on ten frames helps them to see the doubles. Mirrors and barrier games are a fun way for children to see doubles as they build and begin to explore symmetry. Encourage children to say the doubles as they build them, for example “Double 2 is 4” Provide examples of doubles and non-doubles for children to sort and explain why they have sorted in the way they have. Dominoes are a great resource for this activity. At this point, children only explore doubles up to double 10"
2026-04-22T16:43:18,Year 1_5-6_Spring__Addition and subtraction within 20_5_Near doubles,"Building on the previous step, in this small step children use doubles to help work out near doubles. For example, they can use the double fact that 6 + 6 = 12 to work out 6 + 7 by adding 1 more. They should see that this is a more efficient method than counting on. As in the previous step, building numbers in a pair-wise pattern on ten frames can help children visualise that to work out 3 + 4, they can do 3 + 3 plus 1 more. Children can also explore finding near doubles through subtraction, for example 3 + 4 is equal to 4 + 4 minus 1. This can be useful for children who are more confident with certain doubles than others. For example, if a child is not confident with doubling 7, they may struggle with 7 + 8, but if they can double 8, they can use this fact instead."
2026-04-22T16:52:12,Year 1_5-6_Spring__Addition and subtraction within 20_6_Subtract ones using number bonds,"begin subtracting within 20. Earlier in the year, children subtracted within 10 by counting back and using number lines. They now subtract within 20 using their knowledge of number bonds. For example, if they know the number bond 7 – 5 = 2, then they know that 17 – 5 = 12 By completing these calculations side by side using ten frames, counters, part-whole models or base 10, children see that the second subtraction will have an answer that is 10 greater than the first subtraction. At this stage, none of the subtractions cross 10, so children can focus on using their number bond knowledge rather than counting back, which is covered in the next step."
2026-04-22T16:53:24,Year 1_5-6_Spring__Addition and subtraction within 20_7_Subtraction – counting back,"build on the language of subtraction, recognising the subtraction symbol from earlier learning and using it within 20 Children use the counting back strategy for numbers within 20, including subtractions that cross 10. The use of zero is important, so children know that when nothing is taken away, the start number remains the same, or when the whole group is taken away, there will be nothing left. Crossing out and using a number line are particularly useful for counting back to work out subtractions. This can also be linked with “first, then, now” stories."
2026-04-22T16:55:11,Year 1_5-6_Spring__Addition and subtraction within 20_8_Subtraction – finding the difference,"formally learn about finding the difference for the first time and explore it as a form of subtraction. Children often struggle with this concept as they are not required to physically take away or count back a specified amount as they have previously experienced. Instead, they are making comparisons between two amounts. In some cases the question will be worded as “How many more …?” Up until now, they have only encountered the word “more” when thinking about addition. Children can use their skills of counting back and counting on to help them find the difference. Alternatively, they can make both amounts and visually see how many more or less a number is."
2026-04-22T16:56:32,Year 1_5-6_Spring__Addition and subtraction within 20_9_Related facts,"Now that children have spent some time exploring addition and subtraction separately, in this small step they look at how they relate to each other, considering the addition and subtraction fact families for numbers within 20 Children use both concrete resources and pictures to find links between the addition and subtraction sentences. Highlight that addition and subtraction are inverse operations. As well as finding the four related facts, children can write the sentences with the “=” at either the end or the start. Throughout this step, the idea of commutativity should be reinforced, and children should be able to verbalise that addition can be done in any order, whereas subtraction cannot. It is not necessary for children to use the word “commutative” at this stage."
2026-04-22T17:42:49,Year 1_5-6_Spring__Length and height_1_Compare lengths and heights,"compare lengths and heights of objects using language such as “longer than”, “shorter than” and “taller than”. Children understand that height is a type of length and that the language they use changes, depending on what type of length they are describing and comparing. Children should also be exposed to objects that have the same length or height and use the language of “is the same” or “is equal to” to compare. At this stage, children only compare the lengths and heights of pairs of objects. Ordering lengths and heights is covered later in Key Stage 1"
2026-04-22T17:43:32,Year 1_5-6_Spring__Length and height_2_Measure length using objects,"begin to measure the lengths and heights of objects, using non-standard units of measure such as cubes or paper clips. As in the previous step, they explore both lengths and heights. It is important that children know that in order to measure the length of something they need to use a consistent unit of measure. They should see that it is not useful to measure the length of something using a range of objects, for example a combination of cubes and paper clips. Similarly, the chosen unit of measure should be equal in size, for example all the paper clips must be the same. Learning from the previous step is consolidated, as children make comparisons of lengths they have measured. They should see that for accurate comparisons they must use a consistent unit of measure, for example cubes for both items."
2026-04-22T17:45:33,Year 1_5-6_Spring__Length and height_3_Measure length in centimetres,"Building on the previous step, children measure the lengths and heights of objects using a ruler and a standard unit of measure: centimetres. They are introduced to the abbreviation “cm”, so that they do not have to write the full word. Discuss with children why it is helpful to have a standard unit of measure that can be used around the world. Model how to align a ruler with the object being measured. Also show how to look to the nearest whole centimetre when measuring objects that are not an exact number of centimetres. Learning from the first step is consolidated, as children make comparisons of lengths they have measured."
2026-04-22T17:25:17,Year 1_5-6_Spring__Mass and volume_1_Heavier and lighter,"In this block, children are formally introduced to mass for the first time. They may have some understanding of describing something as heavy or light from their own experience or from previous learning in Reception. Children begin by holding objects to compare them, using the language of “heavier” or “lighter”. They then use balance scales to check their comparisons. They need to understand that the heavier object is lower on the balance scale. At this stage, children do not need to measure the actual mass of objects in order to compare them. Children may assume that larger objects are heavier than smaller objects or that objects that are the same size/shape have the same mass. Comparing the mass of a large inflated balloon and a small ball of modelling clay, and comparing the mass of an inflated and a water-filled balloon should help to overcome these misconceptions."
2026-04-22T17:28:56,Year 1_5-6_Spring__Mass and volume_2_Measure mass,"use a variety of non-standard units, such as cubes or bricks, to measure the mass of an object. Building on the previous step, children should understand that when a scale is balanced, objects have the same mass. On a balanced scale, the number of non-standard units on one side tells them the mass of the object on the other side. Highlight the importance of choosing the same non-standard unit to measure the mass. Measuring the mass of an object using an assortment of different non-standard units, such as a number of cubes, pencils and wooden bricks, makes it difficult to record the object’s mass. Children may find it difficult to balance objects exactly. If an object does not balance exactly, encourage them to use the closest number or to try a different non-standard unit."
2026-04-22T17:29:24,Year 1_5-6_Spring__Mass and volume_3_Compare weight,"comparing the weights of two objects with non-standard or non standard units. Children should know that if, for example, an apple has the same weight as 6 cubes and a banana has the same mass as 4 cubes, then the apple is heavier than the banana. Children use their knowledge of “heavier” and “lighter” from earlier in the block to compare the masses of objects. It is important that children are also exposed to examples of objects that have the same mass as each other."
2026-04-22T17:31:17,Year 1_5-6_Spring__Mass and volume_4_Full and empty,"are introduced to volume and capacity for the first time. They begin by exploring practically the idea that capacity is the maximum amount that something can hold. Ensure that they experience a range of different sizes and shapes of containers and begin to make basic comparisons to see which has the greater capacity. Children then explore the concept that volume is the amount of something inside a container. They describe the volume in a container using phrases such as “empty”, “nearly empty”, “nearly full” and “full”. At this stage, no formal measurements of volume or capacity, such as litres, are used."
2026-04-22T17:36:37,Year 1_5-6_Spring__Mass and volume_5_Compare volume,"develop their understanding of volume further and start to compare volumes using the language of “more than” and “less than”. Initially, children make simple visual comparisons between identical containers, using the language introduced in the previous step. They should still be exposed to a range of different size and shape containers. Children then compare and order more than two glasses. This can include following instructions to show a certain volume, for example showing more than half full, but less than nearly full. Challenge children to also compare volumes in containers with different capacities. For example, if glasses are the same height but different widths and the level of the water is the same, then the wider glass must have a greater volume of water inside. Practical explorations of these types of problems will be key."
2026-04-22T17:38:26,Year 1_5-6_Spring__Mass and volume_6_Measure capacity,"measure the capacity of different containers using non-standard units of measure. They formalise their understanding that the capacity of a container is how much of something it can hold. This can be cups of water or sand, cubes or marbles and so on. Show children that to measure the capacity of a container, they need to make sure that the unit of measure remains the same, for example the same size of marble or the same size of cup. They also need to see that to accurately measure the capacity of a container, they must fill the container to the top. Discuss different non-standard units of measure, and how some are more accurate than others. For example, cups of water and sand are more accurate than cubes or marbles because they take up more of the space in the container."
2026-04-22T17:39:22,Year 1_5-6_Spring__Mass and volume_7_Compare capacity,"compare the capacities of different containers, still using non-standard units of measurement. Children recognise that if container A has a capacity of 3 cups of water and container B can hold more than 3 cups of water, then container B has a greater capacity than container A. They then move on to using inequality symbols to record this. It is important that children know that the units of measure need to be the same for both containers in order to compare capacities. Remind them of the importance of filling each container to the top. Finally, children compare more than two containers, putting them in either ascending or descending order of capacity."
2026-04-22T15:45:38,Year 1_5-6_Spring__Place value within 20_10_Estimate on a number line to 20,"are asked to estimate for the first time. This is a new word for children to learn. Previously, they may have been asked to “guess” and make predictions. When children are beginning to estimate on a number line, take time to explore the halfway point. Where do they think halfway is? How do they know? What informal measurements could they use to check? (For example, steps in the playground.) Some children may initially struggle to estimate. Conversations with other children are vital to develop understanding. Some children may find not having an exact answer difficult and need time to grasp the idea of estimating. Children need to be confident using a number line before being able to estimate. For example, if they are estimating where 4 is on a blank number line from zero to 10, they need to be able to reason that it will be less than halfway."
2026-04-22T15:47:08,Year 1_5-6_Spring__Place value within 20_11_Compare numbers to 20,"compare pairs of numbers up to and including 20. For example, because they say 16 after 15, they know that 16 is greater than 15. They can also use their knowledge of representing numbers using objects to help them identify which number in a pair is greater or less than the other. Ten frames and number lines are useful representations to support children when comparing numbers. Both the inequality symbols and the language of “greater than”, “less than” and “equal to” are used throughout."
2026-04-22T15:48:56,Year 1_5-6_Spring__Place value within 20_12_Order numbers to 20,"Now that children are confident in counting and comparing numbers to 20, in this small step they move on to ordering sets of three numbers. Expose children to different methods for ordering such as comparing two groups initially and lining groups up. Children should use the language they used in the previous step as well as “greatest”, “smallest”, “most” and “fewest”. Children need to apply their knowledge of tens and ones to help them work abstractly. For example, when ordering 8, 17 and 14 children should recognise that 8 is the only number that does not have 1 ten, therefore 8 is the smallest of the three numbers."
2026-04-22T15:26:24,Year 1_5-6_Spring__Place value within 20_1_Count within 20,"In the Autumn term, children learnt the numbers to 10. In this small step, they extend that learning to count to 20 Provide regular opportunities for children to verbally count to 20, for example counting how many children are present or how many beanbags there are in a bucket. Children can find counting through the teen numbers difficult, as the number names do not have the same regular 1 to 9 pattern that they hear once they count beyond 20. Use concrete resources to support children to see the “10-and-a-bit” structure of teen numbers. Number tracks can support children in counting on and back to 20. “I count, you count” activities allow children to practise continuing the count from different starting points."
2026-04-22T15:27:42,Year 1_5-6_Spring__Place value within 20_2_Understand 10,"develop their understanding of 10. A deep understanding of 10 will set children up well for future learning. Use ten frames, bead strings and towers of cubes to draw attention to the fact that 10 ones and 1 ten are equivalent. Ten frames, bead strings and regular patterns, such as those on a dice, can support children to instantly recognise (subitise) 10 without needing to count. Spend time looking at 10 in different ways, particularly ways where the 10 can be fixed or broken apart, for example a bundle of 10 straws. Children could then move on to seeing 10 as one base 10 piece that cannot be broken apart, although the individual ones are still obvious."
2026-04-22T15:29:35,"Year 1_5-6_Spring__Place value within 20_3_Understand 11, 12 and 13","develop their understanding of 11, 12 and 13 as 1 ten and some ones, or “10-and-a-bit”. Start by showing children 10 on a ten frame and explore with them how to use a second ten frame to extend the number represented to 11, 12 and 13 Encourage them to make 11, 12 and 13 using a range of resources that make the “10-and-a-bit” structure clear. Ten frames, number pieces, towers of cubes, Rekenreks and bead strings all support children to see the full ten and part of the next ten to support their place value understanding. This understanding is crucial to future work on addition and subtraction. Time should be taken to ensure that children understand the difference between the digits in the numbers, making links between the tens and ones in the representation and the numeral."
2026-04-22T15:29:54,"Year 1_5-6_Spring__Place value within 20_4_Understand 14, 15 and 16","extend the learning of the previous step by looking at 14, 15 and 16 Children practise matching numbers to representations using cards showing 14, 15 and 16 in words and numerals alongside representations of each number. As with the previous step, encourage children to make 14, 15 and 16 using a range of resources that make the “10-and-a-bit” structure clear. Ten frames, number pieces, towers of cubes, Rekenreks and bead strings all support children to see the full ten and part of the next ten to support their place value understanding. This understanding is crucial to future work on addition and subtraction. Children should be challenged to explore the differences and similarities between these numbers and 11, 12 and 13. They also use part-whole models, giving them an informal introduction to partitioning."
2026-04-22T15:31:25,"Year 1_5-6_Spring__Place value within 20_5_Understand 17, 18 and 19","extend the learning of the previous two steps by looking at 17, 18 and 19 Children explore 17, 18 and 19 shown on ten frames, expressing them as 1 ten and a number of ones. Encourage children to notice the “10-and-a bit” structure to help them subitise as they have done previously. Children practise matching numbers to representations using cards showing 17, 18 and 19 in words and numerals alongside representations of each number. Ten frames, number pieces, towers of cubes, Rekenreks and bead strings continue to support children to see the full ten and part of the next ten to support their place value understanding. This understanding is crucial to future work on addition and subtraction. Now that children are looking at the later teen numbers, encourage them to see the number of empty spaces in the second ten frame in order to quickly identify 17, 18 and 19"
2026-04-22T15:33:32,Year 1_5-6_Spring__Place value within 20_6_Understand 20,"apply what they have learnt about 10, to develop an understanding of 20. A deep understanding of 20 will set children up well for future learning. Use ten frames, bead strings and towers of cubes to draw attention to the fact that 2 tens are equivalent to 20. Spend time looking at 20 in different ways, particularly ways where each ten can be fixed or broken apart, for example bundles of straws. Children could then move on to seeing 20 as two base 10 pieces that cannot be broken apart, although the individual ones are still obvious."
2026-04-22T15:34:12,Year 1_5-6_Spring__Place value within 20_7_1 more and 1 less,"1 more and 1 less than any number with numbers from 11 to 20, other numbers within 20 can also be covered. Ensure that examples involving zero are used, for example 1 less than 1 is zero and 1 more than zero is 1. Children have already encountered the language of “more” and “less”, but this may need reinforcing. Using real-life examples, such as “1 more grape”, will help children with their understanding of the vocabulary. Representations such as ten frames are useful for showing 1 more and 1 less. Towers of cubes are particularly useful for clearly showing the 1 more pattern of consecutive numbers. Using a number track alongside concrete resources can help children develop a secure understanding of the concept. Children practise finding 1 more and 1 less using both representations and numerals."
2026-04-22T15:37:30,Year 1_5-6_Spring__Place value within 20_8_The number line to 20,"Children learnt about the number line to 10 in the Autumn term. In this small step, they extend the number line to 20 All the number lines in this step count in 1s. Children can use number lines to practise and consolidate the skills learnt so far in this block. They recap counting from 0 to 20 forwards when labelling a number line and practise counting backwards when reading from right to left. A number line is a great opportunity to count from zero, as children do not do this when counting physical things. They use a variety of number lines all counting in 1s, but with different start and end point values."
2026-04-22T15:42:41,Year 1_5-6_Spring__Place value within 20_9_Use a number line to 20,"build on their understanding of the number line to 20 All the number lines in this step count in 1s. Children continue to use the number line to practise and consolidate the skills learnt so far in this block. Children see that 1 more is the next number along the number line, while 1 less is the previous number. They identify all the numbers lying between two given numbers and work out and label numbers on partially labelled number lines."
2026-04-22T17:01:05,Year 1_5-6_Spring__Place value within 50_1_Count to 50,"count forwards and backwards between 20 and 50 Chanting games, such as “I count, you count”, give children the opportunity to count from different starting points alongside their peers. Number tracks and half-hundred squares are useful representations to support children counting up to 50. When counting on a half-hundred square, ensure that they recognise the convention of moving to the next row after reaching a multiple of 10"
2026-04-22T17:06:51,Year 1_5-6_Spring__Place value within 50_2_Skip count in tens,"skip count by 10 to 50, multiples of 10 up to 50"
2026-04-22T17:09:00,Year 1_5-6_Spring__Place value within 50_3_Count by making groups of tens,"learn how to count objects more efficiently by grouping into tens and ones. Children should spend time practically counting groups of ten from objects such as counters, cubes and straws. Building towers of 10 cubes or bundling 10 straws will reinforce the concept of 1 ten being equal to 10 ones. After grouping objects into tens practically, children practise counting pictures of objects and circling each group of ten. It is important that children recognise that a 2-digit number is formed by counting the number of groups of ten for the first digit and the ones left over as the second digit."
2026-04-22T17:10:54,Year 1_5-6_Spring__Place value within 50_4_Groups of tens and ones,"This small step consolidates children’s place value understanding of tens and ones. Children continue to describe a number by the number of tens and ones the number is made from. Learning from the previous step is extended, as the representations of the tens and ones are not always in place value order. Children need to count the number of groups of 10 and then the ones to find the total. All the representations still show that 10 ones make 1 ten, and children could still count individual ones to find the total. However, this is not efficient, so if children are still doing this, encourage them to recognise the groups of 10. Using base 10 is useful, as it gives children no option other than to count tens and ones, since they cannot split the ten apart."
2026-04-22T17:11:31,Year 1_5-6_Spring__Place value within 50_5_Partition into tens and ones,"develop their understanding of place value for 2-digit numbers as they begin to partition numbers to 50. They have already explored how many tens and ones make a number and they now use a part-whole model to partition a number into tens and ones. Children first investigate partitioning with representations, followed by numbers. It is important that they see that the whole can be partitioned into tens and ones or ones and tens. The value of the whole and each part does not change in either order. At this stage, children do not need to describe the part-whole model as an addition number sentence."
2026-04-22T17:19:28,Year 1_5-6_Spring__Place value within 50_6_The number line to 50,"Children have used a number line to count to 10 and 20 in previous blocks; in this small step, the number line is extended to include numbers to 50 Encourage children to explore the similarities and differences between a number track and a number line. There are lots of opportunities for practical activities within this step, such as children creating their own number line on the playground. Children see examples of number lines with different start and end point values, as well as number lines between zero and 50 or between multiples of 10. They use their knowledge of counting to label number lines counting up in 1s before labelling number lines counting in 10s. Building on this, they find the position of given numbers on unlabelled number lines."
2026-04-22T17:21:33,Year 1_5-6_Spring__Place value within 50_7_Estimate on a number line to 50,"Building on the previous small step, children estimate the positions of numbers on number lines up to 50 Children have estimated on number lines to 20, but they may need to recap the idea of an estimate being a “best guess”. Remind them that estimates are not exact. Explore the process of finding a midpoint on a blank number line by asking what number is halfway between the start and end point numbers. Discuss how that makes it easier to estimate the position of a number. After finding the midpoint, children can then position the number using proportional reasoning."
2026-04-22T17:23:02,"Year 1_5-6_Spring__Place value within 50_8_1 more, 1 less","In this final step, children apply their counting skills to find 1 more and 1 less than any number between zero and 50. They have already found 1 more and 1 less than numbers within 20 in a previous block. As children are still developing their understanding of 2-digit numbers, it is important that they find 1 more and 1 less of a number using concrete resources and representations. Initially, they could make a number using a ten frame and counters, before working out 1 more and 1 less by adding or removing counters. Children could then use number lines alongside concrete resources to count forwards or backwards."
2026-04-22T20:09:19,Year 1_5-6_Summer__Fractions_1_Recognise a half of an object or a shape,"explore recognising a half or two halves for the first time, looking at both objects and shapes. Children need lots of opportunities to practically make halves and identify a half and a whole. They need to be shown various types of representations to develop a full understanding of a half. They also need to be shown half of these shapes and objects in different ways. For example, a square can be split in half vertically, horizontally or diagonally. It is important that children know that a half means “one of two equal parts” and are able to count them. In this step, they are supported to recognise when a shape or object is or is not a half, in addition to identifying the whole. At this stage, children do not use the fractional notation of 1 2"
2026-04-22T20:25:17,Year 1_5-6_Summer__Fractions_2_Find a half of an object or a shape,"build on the knowledge from the previous step, where they recognised a half of an object or shape, to now find a half of shapes or objects for themselves. Give children lots of opportunities to practically find halves and make a half using pictures, objects and shapes. They need to be shown lots of varied examples and experiment with different ways of making a half using a range of resources. It is important that children know that a half means “one of two equal parts” and can count them. At this stage, they are still only finding half of one object or shape. They will explore finding half of a set of objects in the next steps."
2026-04-22T20:27:54,Year 1_5-6_Summer__Fractions_3_Recognise a half of a quantity,"use their previous learning of recognising and finding a half, and apply this to recognising half of a quantity. Children need to have a good sense of cardinality so that they can find a total and then relate this to finding half the amount of the total. They need to show how the total can be shared equally into two groups, using learning covered in the previous block on multiplication and division. They can use concrete resources such as cubes, beads, counters and other small world objects to support this. Children may also find it helpful to relate finding a half to classroom contexts. For example, they can find half the number of children in a group, so that they see what half of an amount looks like."
2026-04-22T20:51:25,Year 1_5-6_Summer__Fractions_4_Find a half of a quantity,"build on the previous step to find half of a quantity. Children should see that to find a half, they need two equal groups, and should explore practically sharing a given quantity of objects into two groups using skills developed in the previous block on multiplication and division. Encourage children to check the amounts in each group after sharing to ensure that there is an equal amount in each group. Children then progress to circling or shading half of a given quantity. Understanding that half can mean “one out of every two objects” is important for this. Finally, they may begin to explore finding the whole from a half. For example, if 3 is half, what is the whole? Knowledge of doubles from prior learning can support this."
2026-04-22T20:53:36,Year 1_5-6_Summer__Fractions_5_Recognise a quarter of an object or a shape,"are introduced to recognising a quarter of an object or a shape. This is the first time that they explore quarters. Children develop their understanding of equal parts and non-equal parts and relate this to a shape or object being split into four equal parts. They need to see quarters explicitly being made in lots of different contexts, such as being split horizontally, vertically and diagonally, as well as using a range of different shapes and objects. Children use the words “quarter” and “parts” at this stage, but do not use the fractional notation of 1 4"
2026-04-22T20:54:25,Year 1_5-6_Summer__Fractions_6_Find a quarter of an object or a shape,"build on the learning in the previous step to find a quarter of an object or a shape. Children begin by shading a shape that has already been split into four equal parts, before moving on to splitting shapes into four equal parts themselves. They need lots of practice looking at and manipulating shapes and pictures to find the four equal parts. Children also need to see many representations of quarters in different orientations using a range of different shapes and pictures. At this stage, children are still only finding a quarter of one object. They will explore finding a quarter of a set of objects in the next steps."
2026-04-22T20:56:17,Year 1_5-6_Summer__Fractions_7_Recognise a quarter of a quantity,"build on previous learning of finding a quarter of an object or shape and finding half of a quantity, and relate this to recognising a quarter of a quantity. Using skills developed in the previous block on multiplication and division, children use their knowledge of how a number can be shared equally into four groups. To decide if a quarter has been found, encourage them firstly to check that there are four groups and then that there is an equal amount in each group. Emphasise that a quarter refers to just one of these groups. They will need to see this in lots of different contexts. Children can also explore representing the whole when they are given a quarter. For example, if one quarter contains two counters, to show the whole they need to put two counters in each of the remaining three groups."
2026-04-22T20:58:42,Year 1_5-6_Summer__Fractions_8_Find a quarter of a quantity,"use all the learning from this block to explore finding a quarter of a quantity. Children find a quarter of a quantity through their understanding of how to share a set of objects equally. Use of stem sentences supports their understanding that one quarter refers to one of the four equal groups. It is important that children use a wide range of manipulatives to show the groups clearly, drawing around quantities or physically sharing objects. Encourage children to see the link between finding half of an amount and half again to find a quarter. At this stage, children do not use the fractional notation of 1 4"
2026-04-23T15:42:38,Year 1_5-6_Summer__Money_1_What is a penny?,"are introduced to the idea that groups containing or representing the same number of things can be treated as ones. For example a 5 pence coin represents five 1 pence coins. One item does not need to represent a value of one – this is called “unitising”. Pre-money counters are used in this step to support children’s understanding. These counters are all the same size and colour and have dots on one side to represent their value. This helps children to see the value (cardinality) before they move on to coins where the value is not shown as a visual. By using objects that are the same size and colour, the focus is on exploring the different values that one counter can represent. This supports children to then understand that the value of coins is independent of size, shape, mass or colour."
2026-04-23T15:45:05,Year 1_5-6_Summer__Money_2_Recognise coins,"formally explore coins for the first time. In the previous step, they identified the value of different counters and began to transfer that understanding to coins. They continue to explore and recognise the value of different denominations of coins. Discuss equivalence, showing children that a 20p coin is equivalent to twenty 1p coins and also two 10p coins. This helps them to see why we unitise and use coins with different values rather than using single pennies for everything. Once children are confident with recognising pence, introduce the £1 and £2 coins, explaining that they have a greater value than pence. Although children do not need to formally convert pounds to pence, it may be useful for them to see that £1 is equivalent to 100p. At this stage, children do not need to be introduced to the notation £ and p, as this is covered explicitly in Year 2"
2026-04-23T15:46:38,Year 1_5-6_Summer__Money_3_Recognise notes,"In this step, children further develop their understanding of money by recognising and investigating the value of notes. Children use their understanding of place value to compare the value of different notes, for example recognising that a £20 note has a greater value than a £5 note because 20 > 5. They recognise that the larger the size of the note, the higher the value. Children explore how one note can have the value of many coins and/or notes. For example, a £10 note has the same value as two £5 notes or five £2 coins or ten £1 coins. Discuss why we use notes as well as coins. Children are less likely to have encountered a £50 note, as these are much less common in everyday life."
2026-04-23T15:47:59,Year 1_5-6_Summer__Money_4_Count in coins,"In the previous small steps, children recognised and identified the value of coins and notes and saw how one note or coin could have the same value as a combination of a number of other notes or coins. In this step, they use their knowledge of the values of coins to solve problems by counting in 2s, 5s and 10s. This allows children to count money more efficiently. Although they do not need to count in 20s or 50s, they will count on from them. For example, with a 20p coin and three 2p coins, they need to start at 20 and count on in 2s. Encourage children to draw coins or representations to match a given amount and use previous learning to compare amounts of money."
2026-04-22T17:46:23,Year 1_5-6_Summer__Multiplication and division_1_Count in 2s,"explore counting both forwards and backwards in 2s. This builds on understanding from Autumn Block 2, when children added 1 and 2, as well as previous knowledge of doubles and finding 1 more and 1 less. Begin by practically exploring counting in 2s using things that come in pairs, such as socks and wheels on a bicycle. Number lines and a 1–50 number grid are useful representations that allow children to spot patterns when counting in 2s. They should count both forwards and backwards in 2s, but always starting from an even number. Begin to introduce children to the language of multiplication, for example “There are equal groups of 2. There are altogether.” This will be built on in future steps."
2026-04-22T17:56:23,Year 1_5-6_Summer__Multiplication and division_2_Count in 10s,"count forwards and backwards in 10s. This builds on previous learning where children explored the multiples of 10 up to 50 as well as counting by making groups of 10 Use of ten frames, bundles of straws, bead strings and number grids will reinforce children’s understanding of the multiples of 10. Introduce the language associated with multiplication, such as “ groups of 10 are equal to ” to begin to develop understanding of multiplication, although children are not introduced to the multiplication symbol until Year 2 Focus on multiples up to 50, as children have not yet been exposed to numbers greater than 50. They may then begin to explore counting forwards and backwards from numbers that are not multiples of 10, for example 42, 32, 22, 12, 2"
2026-04-22T19:32:03,Year 1_5-6_Summer__Multiplication and division_3_Count in 5s,"are introduced to counting in 5s. Children practise counting on and back in 5s using a range of different representations such arms on a starfish or a dice showing 5. They will need lots of practice orally to embed this skill. Rhymes such as ‘Five eggs and five eggs’ can be sung to help reinforce this learning. Ten frames can also be used, showing children the five-wise patterns. The 1–50 grid is another useful representation that can be used for children to spot and discuss patterns that emerge when counting in 5s. Continue to use the language associated with multiplication, for example “There are equal groups of 5. There are altogether.”"
2026-04-22T19:33:38,Year 1_5-6_Summer__Multiplication and division_4_Recognise equal groups,"begin by using stories that link to pictures and concrete resources to help support them in recognising equal groups. They recognise and explain how they know when there are equal groups and when there are not. In order to do this, children need to see lots of different examples of equal groups in different contexts, for example trays of buns or bunches of flowers. It is important for children to see equal groups that are arranged differently, so they understand that groups can look different but still be equal in number. For example, 5 dots arranged as on a dice, 5 dots in a row close together and 5 dots spaced further apart are all groups of 5 Children can begin to explore ways of making unequal groups equal by adding to or removing from some of the groups."
2026-04-22T19:34:38,Year 1_5-6_Summer__Multiplication and division_5_Add equal groups,"use their knowledge from previous learning of recognising equal groups to now add equal groups together to find a total. Children focus on counting equal groups of 2, 5, and 10 and explore this within 50. They move on to identifying and recording the number sentence to match the groups. For example, show children 5 pairs of socks and allow them to represent them in a different way, such as with counters, then encourage them to write the number sentence to represent it: 2 + 2 + 2 + 2 + 2 = 10 At this point, children do not need to use the multiplication symbol and should record number sentences as repeated additions. However, they should be exposed to the language of multiplication, for example “There are 5 equal groups of 2, so there are 10 in total.”"
2026-04-22T19:36:57,Year 1_5-6_Summer__Multiplication and division_6_Make arrays,"use their knowledge of recognising and adding equal groups to arrange objects in columns and rows as arrays. This arrangement helps children to see the equal amounts and how they are grouped. An effective way to introduce arrays to children is by using real-life examples such as bun trays and egg boxes that have these patterns already built in. Once they are confident with describing given arrays, encourage children to build and draw their own arrays to represent a story. They may begin to explore the fact that they can describe arrays in two ways, for example 3 rows of 2 and 2 columns of 3 Children could continue to practise writing repeated addition number sentences to describe the arrays."
2026-04-22T19:40:04,Year 1_5-6_Summer__Multiplication and division_7_Make doubles,"In this small step, building on learning from Spring Block 2, children again explore doubles. They progress from describing doubling as the addition of the same amount to describing it as 2 equal groups, linking to the work done on multiplication in this block so far. They should now be more confident with doubling numbers up to 20 Give children opportunities to build doubles and explain what a double is using real objects, mathematical equipment and pictures. This will help to reinforce understanding of a double being 2 groups of a number. Encourage children to say doubles as they build them, for example “Double is .” They can use repeated addition to represent doubles in the abstract. Give children opportunities to look at representations and decide whether they show doubles or not. Now that children have explored numbers to 50, they could also start to explore doubles beyond 20, for example double 12 or double 20"
2026-04-22T19:43:40,Year 1_5-6_Summer__Multiplication and division_8_Make equal groups – grouping,"build on their knowledge of recognising equal groups to begin to explore division through grouping. This is the first time that they are explicitly introduced to the idea of division. Children start with a given total and make groups of an equal amount. Give them opportunities to make groups with concrete resources. Circling groups when using pictures can also help them to see the groups and identify if they are equal. Further develop children’s understanding of equal groups by exposing them to numbers that do not group equally. At this stage, children do not need to be introduced to the division symbol, but they should become familiar with the language of division, for example “There are groups of in .”"
2026-04-22T19:45:13,Year 1_5-6_Summer__Multiplication and division_9_Make equal groups – sharing,"explore division in the form of sharing. Children first explore this practically using concrete resources and physically sharing them into groups. They should see that each group will then have the same amount. At this stage, children do not need to write number sentences using the division symbol, but they should be encouraged to explain what is happening using the language of division, for example “There are counters shared equally into groups. There are in each group.” It may be helpful to explore the similarities and differences between sharing and grouping, once children are confident with the two structures separately. As an extension, children can look at situations where the objects cannot be shared equally and there are some left over."
2026-04-22T21:00:37,Year 1_5-6_Summer__Place value within 100_1_Count from 50 to 100,"practise counting to 100, building on their knowledge of place value to 50 from the Spring term. They may have already explored counting within 100 in different ways through classroom routines or experiences at home. Children explore oral counting of numbers 50 to 100, both forwards and backwards. Provide opportunities for them to hear the patterns in the sequence of numbers and to help them get used to the sound of the number names. They also explore counting quantities of objects and think about counting as a way of finding “how many?” Use representations such as hundred squares to point to the numbers written in numerals while counting. This supports children to link the numeral to the sound of the number name."
2026-04-22T21:03:45,Year 1_5-6_Summer__Place value within 100_2_Tens to 100,"continue to develop their understanding of numbers to 100 Children begin by extending their knowledge of multiples of 10 from the Spring term to include 60, 70, 80, 90 and 100. They then explore the efficiency of counting in ones compared to grouping in tens. The use of practical equipment such as ten frames, base 10 and bead strings supports this. Provide children with a range of different practical experiences where they can explore counting by grouping in tens and counting by leaving items as ones. This lays the foundation and underpins children’s understanding of tens and ones. It is crucial for future learning that they are provided with opportunities to explore and understand that 1 ten is equal to 10 ones."
2026-04-22T21:09:51,Year 1_5-6_Summer__Place value within 100_3_Partition into tens and ones,"further develop their understanding of place value for 2-digit numbers from the Spring term, as they now partition numbers to 100 Children identify how many tens and how many ones make a number. They begin by investigating partitioning with concrete resources, such as base 10, followed by abstract numbers and other representations such as part-whole models. They need to recognise that it does not matter whether they record the tens part or the ones part first, as the whole remains the same. Children explore the link between the number names, the digits used and the tens and ones structure to support their understanding of numbers up to 100 At this stage, children do not need to describe the part-whole model as an addition number sentence."
2026-04-22T21:17:07,Year 1_5-6_Summer__Place value within 100_4_The number line to 100,"number lines up to 100 Children see examples of number lines with different start and end point values that have intervals in both 1s and 10s. They use their knowledge of counting both forwards and backwards to label number lines counting up in 1s, then in 10s. They identify missing values on a number line, as well as marking the positions of given numbers on unlabelled number lines. Once they are confident with labelling and finding numbers on unlabelled number lines, children can progress to estimating the positions of numbers on blank number lines."
2026-04-22T21:20:49,"Year 1_5-6_Summer__Place value within 100_5_1 more, 1 less","revisit the concept of 1 more and 1 less. They explore this in the context of numbers from 50 to 100 by applying the counting skills developed earlier in the block. To support children in understanding the meaning of the words “more” and “less”, provide opportunities for them to hear and use these words in context, for example “Please pass me 1 more pen.” They need to know that 1 more is the number after the given number, and 1 less is the number before the given number. Base 10, hundred squares and number lines can be useful representations to support children in exploring this concept."
2026-04-23T08:43:33,Year 1_5-6_Summer__Place value within 100_6_Compare numbers with the same number of tens,"build on their learning from earlier in the year to compare numbers within 100. In previous blocks, children were introduced to the terms “greater than”, “less than” and “equal to” alongside the corresponding inequality symbols >, < and =. Children will need to practise using the words “fewer” and “less” accurately. Fewer is used when talking about a number of objects, whereas less is used when talking about values. Children use their understanding of the values of the digits in a 2-digit number to compare numbers with the same number of tens but a different number of ones. Encourage them to notice that when the tens digit is the same, they only need to compare the number of ones to decide which number is greater."
2026-04-23T10:35:01,Year 1_5-6_Summer__Place value within 100_7_Compare any two numbers,"build on their learning from the previous step to compare any two numbers. To begin with, children compare multiples of 10. They then use their understanding of the value of the digits in a 2-digit number to firstly compare two numbers with the same number of ones and different tens, before comparing two numbers with different numbers of tens and ones. They use their knowledge of partitioning to support them in this. It is important for children to explore a range of concrete resources to make comparisons more visual. Children use the terms “greater than”, “less than” and “equal to” alongside the corresponding inequality symbols >, < and =. It is important that they have the opportunity to use all the symbols, in order to reinforce the meaning of each one."
2026-04-23T12:50:26,Year 1_5-6_Summer__Position and direction_1_Describe turns,"use the terms “full”, “half”, “quarter” and “three-quarter” to describe turns. They will be familiar with “half” and “quarter” from the previous block on fractions, but “three-quarter” will be a new concept to them. Children should be given lots of opportunities to practically turn objects as well as experience the motion of turns themselves. Giving them opportunities to play games and follow simple instructions will support this. Children should be able to identify the size of a turn by looking at the starting and finishing position of a shape as well as drawing the result of a turn. This provides a useful opportunity to revisit learning on 2-D and 3-D shapes. Children should investigate whether they can end up facing the same direction if they complete different turns, but they do not need to describe the direction of turns at this stage."
2026-04-23T13:18:03,Year 1_5-6_Summer__Position and direction_2_Describe position – left and right,"are introduced to the terms “left” and “right” for the first time, although they may have experienced this language outside of the classroom before. Children often confuse the two directions, so look for ways to support children in remembering them, such as rhymes, the “L” shape shown between the index finger and thumb on the left hand and perhaps what hand they use to write with. Explore the positional language of left and right by playing games and singing rhymes and songs. Asking children to follow simple instructions throughout the day is a great way to support this skill. Children also explore describing the direction of movement as being to either the left or the right, then describing the position of one object in relation to another, for example “The is to the left/right of the ”."
2026-04-23T15:29:40,Year 1_5-6_Summer__Position and direction_3_Describe position – forwards and backwards,"Direction and position, “forwards” and “backwards”. Children describe the positions of objects and shapes from different starting positions. To begin with, they move their bodies in line with instructions to move forwards and backwards and understand what these terms mean in a practical context. Instructions can then become more specific, such as “3 steps forwards”. Playing a range of simple games where children must move forwards and backwards. Once confident, children can then combine prior knowledge of “left” and “right” with “forwards” and “backwards” to describe more complex movements."
2026-04-23T15:31:01,Year 1_5-6_Summer__Position and direction_4_Describe position – above and below,"build on the directional language developed in previous steps, extending to include “above” and “below”. They use this language to firstly describe the position of objects in relation to each other, for example, “The is above/below the ”. This could also include learning from previous steps on left and right. They then follow and give positional instructions and clues to others, for example to build a tower of cubes. Children develop their ability to recognise and represent direction using marks and symbols. They explore the position of objects and shapes from different starting points. Where possible, this concept should be explored practically both inside and outside the classroom. Children can also start to explore the terms “top” and “bottom”."
2026-04-23T15:40:31,Year 1_5-6_Summer__Position and direction_5_Ordinal numbers,"Ordinal numbers used to describe position. It also links to previous learning such as ordering numbers. Children may be familiar with the language relating to ordinal numbers from lining up, playing games or competing in races. Ensure that children have experience of not only 1st, 2nd, 3rd, but also identifying and representing other ordinal numbers and using them to explain events. They can record positions using numerals and the endings “st”, “nd”, “rd” and “th” as well as the words “first”, “second”, “third”, “fourth” and so on. Children may also use the word “last” to denote the final position in a group."
2026-04-23T15:11:52,"Year 1_5-6_Summer__Time_1_Before and after, preposition time words","Talking about the order of events. ""Before”, “after”, “first”, “next” and “finally” to describe, sort and order events. When talking about the day, use “morning”, “afternoon” and “evening”and vocabulary relating to time and the order of events of everyday routines This can be explored through daily discussion of everyday routines, for example “After story time, we will go home.” Story books can be used to support this in a different context and allow children to relate to events that happen within a story."
2026-04-23T14:53:43,Year 1_5-6_Summer__Time_2_Days of the week,"Days of the week. Children learn the sequence of the days in a week and know that there are 7 days that repeat in a cycle. Rhymes and songs can be a useful aid in remembering the correct order of the days. Children also describe events using the vocabulary “today”, “yesterday” and “tomorrow”. Support children’s developing understanding of time by regularly referring to a calendar displaying the days of the week. This will help them to relate the reoccurring weekly timetable of events to specific days of the week, for example PE lessons on a Tuesday and a Thursday, and to record and count down to key activities and events."
2026-04-23T15:03:06,Year 1_5-6_Summer__Time_3_Months of the year,"Months of the year. Use of “before” and “after” and apply this to the calendar year. Relate events to months, noting when familiar celebrations, such as birthdays, occur. A classroom calendar allows children to explore the sequence of the months of the year and to begin to learn the number of days in each month. Familiar rhymes and songs can support children to remember this."
2026-04-23T12:43:55,"Year 1_5-6_Summer__Time_4_Hours, minutes and seconds","develop their understanding of hours, minutes and seconds. Children learn that seconds are a shorter period of time than minutes and minutes are a shorter period of time than hours. Although they do not need to convert between different units, it is helpful for them to know that an hour is composed of 60 minutes and that a minute is composed of 60 seconds. Children make decisions about which unit of time would be most appropriate to measure a given activity. They compare time using vocabulary such as “quicker” and “slower”. When comparing durations, they need to understand that the smaller number of seconds, minutes or hours is the quicker time. Learning can be supported by practical investigations in which children use suitable equipment to measure the length of the activity, for example a stopwatch or a sand timer."
2026-04-23T12:46:19,Year 1_5-6_Summer__Time_5_Tell the time to the hour,"are introduced to telling the time to the hour using an analogue clock. They are formally introduced to the term “o’clock” for the first time, although they may already have encountered this. Initially, children explore time using a number line and learn that an analogue clock face is a special type of number line. When pointing to numbers, ensure that the hand points exactly to the number and not to the side of it. Explain that when we use the word “hand”, we are referring to the arrow/pointer; this is specific to the topic of time. To begin with, children focus on reading time to the hour using only the hour hand. Once they are confident with this, they learn about the minute hand and that the hour hand is shorter than the minute hand. They recognise that when the minute hand is pointing directly to 12, they need to look at the shorter hand to see which hour it is."
2026-04-23T12:48:24,Year 1_5-6_Summer__Time_6_Tell the time to the half hour,"build on the previous step of telling time to the hour to now tell the time to the half hour. Initially, they tell the time to the half hour using only the hour hand and notice that the hour hand is halfway between numbers. They learn the term “half past”, linking it to their knowledge of fractions. Once children are confident with this, look at the minute hand. Building on the knowledge that in an hour the minute hand travels all the way around the clock, they see that at half past the minute hand has travelled halfway around the clock from 12 and is now pointing at 6"
2026-04-24T13:42:54,Year 2_6-7_Autumn__Place value_10_10s and 1s on the number line to 100,"Numbers that lie between multiples of 10 on a number line of 100. Start by considering number lines with start and end points that are a multiple of 10, before exploring other number lines with more varied start and end points and a different number of intervals. All the number lines count up in 1s. As in the previous small step, it is important that children can label a number line. Using this knowledge, they can identify and find the position of given numbers on the number line. Encourage children to complete the labels on a number line as a method of checking answers, in order to promote good habits."
2026-04-24T14:07:46,Year 2_6-7_Autumn__Place value_11_Estimate numbers on a number line,"In the previous two steps, children considered exact positions of numbers on the number line to 100, focusing first on multiples of 10 and then on the values in between. estimate the position of numbers on number lines. Using the number lines counting in 10s that they worked with in Step 9, they position numbers made up of tens and ones. Encourage children to use their number sense to first decide which two intervals a number lies between, before going further with their thought process to consider its position relative to halfway by deciding which multiple of 10 a number is closer to. Examples include both estimating the position and estimating the value of a given position."
2026-04-24T14:36:44,Year 2_6-7_Autumn__Place value_12_Compare objects,"combine all their learning so far from this block as they begin to compare objects to 100 Children identify which quantity is greater, explaining their reasoning. The language of “more than” and “fewer than” will be used in the context of quantity. When using objects as a representation of number, children should use the language of “greater than”, “less than” and “equal to” alongside the inequality symbols to compare. This will be explored further when comparing numbers in the next small step."
2026-04-23T15:50:29,Year 2_6-7_Autumn__Place value_1_Numbers to 20,"revisit learning from Year 1 on numbers to 20. While children have already gone beyond this, the numbers from 11 to 15 often prove more difficult to understand, so this step provides an opportunity to revisit these numbers explicitly before moving on to look at numbers to 100 later in the block. If further consolidation is needed of numbers to 20, content from the previous year could be used. In Year 1, children mainly focused on being able to recognise numerals written as words. In this small step, they shift their focus to independently writing numerals as words and vice versa, which will be built upon later in the block."
2026-04-23T15:52:16,Year 2_6-7_Autumn__Place value_2_Count objects to 100 by making 10s,"Building on the previous small step, children revisit their earlier learning on numbers to 100 Children count objects to 100 by making tens. They see examples of objects that are grouped into tens and some that are not grouped, so they recognise the benefits of making groups of 10 to count. The use of straws can support this learning as children can physically bundle them into tens to support their counting. This then helps children to understand the structure of a number, for example 27 can be made up of 2 bundles of 10 straws and 7 more straws. In all the representations in this small step, the structure of the 10 is clearly visible. At this point, children do not need to be able to write these numbers in words, as this will be covered later in the block."
2026-04-23T15:54:06,Year 2_6-7_Autumn__Place value_3_Recognise tens and ones,"start to unitise the idea of a ten. In all the examples seen previously in the block, the structure of the ten within a number has been clearly visible. In this step, children transition to recognising when something is labelled as “ten” and understand its value relative to the corresponding one. This transition is gradual, as children first compare familiar representations such as ten frames and base 10 to see how the counters in ten frames can be separated but a base 10 rod cannot. They then move on to look at boxes of ten things, starting with examples labelled as “10”, with the individual objects visible, before moving to more abstract examples. Examples are carefully chosen so that physical size can support number sense and it is not necessary to introduce place value counters."
2026-04-23T16:39:53,Year 2_6-7_Autumn__Place value_4_Use a place value chart,"So far, children have looked in detail at numbers to 100, with an explicit focus on making tens. They now build on this to organise their representations in a place value chart, placing pieces of equipment under the correct place value headings. Once children are comfortable with organising equipment into place value charts and understand the column headings, they begin to write numbers into place value charts with digits in the correct place and they will build on this throughout the block. Children will learn to recognise that they can only write the digits 0–9 in any single place value column, because if there were any more than this they would be able to make a ten. There is no need at this stage to introduce children to place value counters."
2026-04-23T16:41:44,Year 2_6-7_Autumn__Place value_5_Partition numbers to 100,"use their understanding from earlier in the block and begin to partition numbers to 100. The focus here is on standard partitioning; flexible partitioning will be looked at later in the block. Counting objects to 100 with a focus on bundling tens, organising representations into place value charts and writing digits in place value charts are all essential prerequisite knowledge for this small step. Children understand that if, for example, 32 is made up of “3 whole tens” and “2 ones”, then the 3 represents 30 and the 2 represents 2. Therefore, 32 can be partitioned into 3 tens and 2 ones or 30 and 2 Partitioning with representations should be looked at first, followed by abstract numbers. At this point, all partitioning will be recorded in part-whole models rather than as an addition statement."
2026-04-23T16:51:27,Year 2_6-7_Autumn__Place value_6_Write numbers to 100 in words,"Write two digit numbers in word form. For example, 4 tens are forty. It is essential that children grasp this first, as this will form the basis for all other numbers. Once children have this understanding, they begin to write numbers with both tens and ones in words. When working beyond 20, our number system follows a more logical pattern and children should be encouraged to spot this to support them in writing. If they know that 4 tens are forty, and that 3 ones are three, then using previous learning on partitioning they can write 43 as forty-three."
2026-04-24T12:44:17,Year 2_6-7_Autumn__Place value_7_Flexibly partition numbers to 100,"So far, children have only partitioned numbers in a standard way. In this small step, they are introduced to the idea of flexible partitioning. The use of straws or other familiar representations can support children with this. If children know that 27 is made up of 2 bundles of 10 straws and 7 more straws, then by physically unbundling 1 group of 10 straws they see that 27 could also be made up of 1 bundle of 10 straws and 17 more straws. While there are numerous ways to partition numbers flexibly, the focus here is on “unbundling” 10s rather than more unusual partitions. This knowledge will prove essential later in the year when looking at calculations that cross a ten boundary and is also fundamental to later learning in higher key stages."
2026-04-24T12:47:59,Year 2_6-7_Autumn__Place value_8_Write numbers to 100 in expanded form,"By this stage, children should be confident in partitioning numbers to 100 in a standard way, and also understand that numbers can be partitioned more flexibly. The purpose of this small step is to formalise this partitioning to further support children’s understanding of the structure of numbers. From earlier steps, children can explain that 32 is made up of 3 tens and 2 ones, or 30 and 2. The difference between that learning and the learning in this step is the way it is presented. By the end of this small step, children should be able to write this as 32 = 30 + 2 and say “32 is equal to 30 plus 2”. Children were introduced to the + and = symbols in Year 1, but may need reminding of them."
2026-04-24T12:51:36,Year 2_6-7_Autumn__Place value_9_10s on the number line to 100,"Children were introduced to the number line to 100 in Year 1, and in this small step and the next they look at it in more detail. The focus of this small step is the position of 10s on the number line. Children should be exposed to examples with different start and end point values, as well as the standard 0 to 100 number line. Children use their knowledge of counting in multiples of 10 to label number lines. Building on this, they identify and find the position of given numbers on the number line. While it is not always necessary to label every division when identifying or finding the position of a number, it can promote good habits, so encourage children to do this step as a method of checking their answers."
