updated_at,small_step_id,video_id,status,source,notes
2026-04-25T22:57:38,Year 1_5-6_Autumn__Place value within 10_14_Order objects and numbers,lRTSExcr92Y,active,gui_candidate_knockout,added_from_candidate_panel
2026-04-25T23:00:51,Year 1_5-6_Spring__Place value within 20_9_Use a number line to 20,nh-ZchJkIYA,active,gui_candidate_knockout,added_from_candidate_panel
2026-04-26T15:02:23,Year 2_6-7_Autumn__Shape_2_Count sides on 2-D shapes,qa-KGvwIgiI,active,gui_candidate_knockout,added_from_candidate_panel
2026-04-26T16:05:17,Year 2_6-7_Autumn__Shape_7_Sort 2-D shapes,kFr-Vy3od7w,active,gui_candidate_knockout,added_from_candidate_panel
2026-04-26T16:09:51,Year 2_6-7_Autumn__Shape_8_Count faces on 3-D shapes,XSiSjqgNd8k,active,gui_candidate_knockout,added_from_candidate_panel
2026-04-26T19:51:34,Year 2_6-7_Spring__Multiplication and division_7_Make equal groups – grouping,Ijmee8DrnDg,active,gui_candidate_knockout,added_from_candidate_panel
2026-04-26T19:56:46,Year 2_6-7_Spring__Multiplication and division_8_Make equal groups – sharing,QxRxJ6z3JCc,active,gui_candidate_knockout,added_from_candidate_panel
2026-04-26T20:09:28,Year 2_6-7_Spring__Multiplication and division_10_Divide by 2,EvmAIpWTNMc,active,gui_candidate_knockout,added_from_candidate_panel
2026-04-26T20:20:58,Year 2_6-7_Spring__Multiplication and division_11_Doubling and halving,CoN0i3xgEZA,active,gui_candidate_knockout,added_from_candidate_panel
